gene	position	entropy
E	5	0.014
E	8	0.003
E	19	0.006
E	21	0.003
E	31	0.003
E	37	0.006
E	41	0.003
E	45	0.003
E	49	0.005
E	52	0.003
E	55	0.003
E	68	0.012
E	69	0.024
E	71	0.008
E	73	0.008
M	2	0.015
M	3	0.026
M	4	0.003
M	6	0.003
M	13	0.003
M	15	0.003
M	17	0.008
M	23	0.008
M	24	0.003
M	29	0.005
M	31	0.003
M	46	0.003
M	48	0.003
M	60	0.054
M	64	0.003
M	68	0.006
M	70	0.008
M	78	0.003
M	80	0.003
M	83	0.003
M	84	0.003
M	85	0.006
M	86	0.003
M	98	0.003
M	123	0.003
M	125	0.041
M	138	0.003
M	145	0.003
M	155	0.003
M	158	0.003
M	167	0.003
M	175	0.028
M	191	0.003
M	209	0.011
M	214	0.005
N	2	0.003
N	6	0.016
N	7	0.022
N	9	0.003
N	12	0.029
N	13	0.106
N	14	0.003
N	15	0.003
N	16	0.005
N	18	0.003
N	19	0.008
N	20	0.003
N	24	0.005
N	28	0.006
N	30	0.003
N	33	0.010
N	36	0.003
N	37	0.003
N	40	0.010
N	41	0.006
N	48	0.003
N	55	0.003
N	63	0.003
N	67	0.008
N	76	0.003
N	79	0.003
N	80	0.003
N	81	0.006
N	84	0.071
N	90	0.003
N	101	0.005
N	103	0.061
N	118	0.003
N	119	0.021
N	125	0.017
N	128	0.078
N	134	0.005
N	135	0.003
N	139	0.008
N	141	0.003
N	144	0.006
N	145	0.008
N	147	0.012
N	148	0.003
N	151	0.024
N	154	0.003
N	160	0.006
N	161	0.005
N	166	0.005
N	168	0.005
N	177	0.003
N	179	0.003
N	180	0.008
N	182	0.008
N	183	0.010
N	185	0.012
N	186	0.029
N	187	0.033
N	188	0.056
N	190	0.003
N	192	0.003
N	193	0.058
N	194	0.222
N	195	0.016
N	196	0.011
N	197	0.029
N	198	0.005
N	199	0.058
N	202	0.028
N	203	0.700
N	204	0.713
N	205	0.036
N	206	0.030
N	208	0.003
N	209	0.023
N	210	0.016
N	211	0.026
N	212	0.020
N	213	0.003
N	214	0.003
N	215	0.006
N	217	0.013
N	220	0.310
N	229	0.003
N	230	0.003
N	234	0.068
N	235	0.008
N	238	0.003
N	243	0.005
N	247	0.003
N	250	0.003
N	251	0.016
N	253	0.003
N	265	0.005
N	270	0.006
N	279	0.003
N	283	0.003
N	289	0.005
N	292	0.018
N	297	0.003
N	300	0.003
N	308	0.003
N	309	0.003
N	311	0.003
N	322	0.003
N	326	0.003
N	327	0.003
N	334	0.012
N	336	0.003
N	340	0.005
N	344	0.005
N	348	0.011
N	350	0.003
N	359	0.018
N	363	0.003
N	364	0.003
N	365	0.058
N	367	0.013
N	368	0.006
N	370	0.005
N	371	0.011
N	373	0.008
N	374	0.003
N	376	0.054
N	377	0.061
N	381	0.003
N	383	0.011
N	384	0.003
N	385	0.020
N	389	0.003
N	391	0.003
N	393	0.008
N	396	0.003
N	398	0.088
N	399	0.008
N	401	0.010
N	402	0.010
N	412	0.003
N	413	0.005
N	414	0.005
N	415	0.003
N	418	0.008
N	419	0.003
ORF10	4	0.015
ORF10	8	0.003
ORF10	10	0.010
ORF10	13	0.003
ORF10	15	0.003
ORF10	17	0.026
ORF10	20	0.003
ORF10	23	0.003
ORF10	24	0.005
ORF10	28	0.014
ORF10	29	0.008
ORF10	30	0.310
ORF10	31	0.003
ORF10	33	0.003
ORF10	35	0.008
ORF10	37	0.003
ORF14	1	0.006
ORF14	4	0.008
ORF14	5	0.003
ORF14	6	0.003
ORF14	7	0.003
ORF14	8	0.005
ORF14	9	0.084
ORF14	13	0.005
ORF14	20	0.010
ORF14	21	0.003
ORF14	22	0.012
ORF14	24	0.003
ORF14	26	0.011
ORF14	27	0.008
ORF14	28	0.008
ORF14	30	0.010
ORF14	33	0.029
ORF14	34	0.033
ORF14	35	0.051
ORF14	38	0.008
ORF14	39	0.013
ORF14	40	0.058
ORF14	41	0.227
ORF14	42	0.013
ORF14	43	0.011
ORF14	44	0.029
ORF14	45	0.005
ORF14	46	0.046
ORF14	49	0.044
ORF14	50	0.725
ORF14	51	0.024
ORF14	52	0.036
ORF14	53	0.018
ORF14	56	0.020
ORF14	57	0.025
ORF14	59	0.012
ORF14	60	0.003
ORF14	61	0.005
ORF14	63	0.010
ORF14	66	0.003
ORF14	67	0.310
ORF14	72	0.005
ORF1a	17	0.003
ORF1a	19	0.005
ORF1a	24	0.014
ORF1a	26	0.003
ORF1a	27	0.008
ORF1a	28	0.003
ORF1a	33	0.015
ORF1a	34	0.003
ORF1a	45	0.003
ORF1a	48	0.003
ORF1a	52	0.003
ORF1a	54	0.003
ORF1a	56	0.003
ORF1a	57	0.018
ORF1a	60	0.003
ORF1a	68	0.003
ORF1a	74	0.003
ORF1a	75	0.010
ORF1a	77	0.003
ORF1a	80	0.003
ORF1a	82	0.005
ORF1a	83	0.008
ORF1a	84	0.019
ORF1a	85	0.021
ORF1a	86	0.006
ORF1a	87	0.005
ORF1a	94	0.003
ORF1a	102	0.003
ORF1a	107	0.022
ORF1a	110	0.005
ORF1a	111	0.008
ORF1a	112	0.006
ORF1a	120	0.008
ORF1a	124	0.008
ORF1a	126	0.005
ORF1a	131	0.003
ORF1a	135	0.003
ORF1a	137	0.003
ORF1a	139	0.003
ORF1a	141	0.012
ORF1a	142	0.012
ORF1a	143	0.010
ORF1a	144	0.005
ORF1a	147	0.005
ORF1a	150	0.024
ORF1a	156	0.003
ORF1a	165	0.003
ORF1a	184	0.005
ORF1a	192	0.008
ORF1a	193	0.006
ORF1a	203	0.029
ORF1a	204	0.005
ORF1a	206	0.017
ORF1a	207	0.016
ORF1a	217	0.005
ORF1a	224	0.008
ORF1a	227	0.003
ORF1a	231	0.003
ORF1a	232	0.006
ORF1a	245	0.003
ORF1a	261	0.003
ORF1a	265	0.171
ORF1a	267	0.003
ORF1a	271	0.008
ORF1a	273	0.003
ORF1a	276	0.003
ORF1a	279	0.008
ORF1a	292	0.012
ORF1a	293	0.003
ORF1a	295	0.005
ORF1a	300	0.114
ORF1a	302	0.008
ORF1a	306	0.005
ORF1a	307	0.005
ORF1a	309	0.015
ORF1a	313	0.029
ORF1a	315	0.012
ORF1a	318	0.012
ORF1a	333	0.008
ORF1a	335	0.003
ORF1a	337	0.003
ORF1a	350	0.003
ORF1a	354	0.003
ORF1a	360	0.003
ORF1a	361	0.008
ORF1a	371	0.005
ORF1a	372	0.008
ORF1a	374	0.011
ORF1a	376	0.003
ORF1a	378	0.061
ORF1a	385	0.014
ORF1a	388	0.003
ORF1a	391	0.018
ORF1a	392	0.072
ORF1a	398	0.005
ORF1a	399	0.010
ORF1a	400	0.068
ORF1a	402	0.010
ORF1a	403	0.008
ORF1a	417	0.069
ORF1a	424	0.005
ORF1a	426	0.003
ORF1a	429	0.005
ORF1a	431	0.003
ORF1a	439	0.008
ORF1a	441	0.003
ORF1a	442	0.008
ORF1a	443	0.014
ORF1a	445	0.013
ORF1a	446	0.010
ORF1a	449	0.003
ORF1a	450	0.003
ORF1a	452	0.003
ORF1a	453	0.003
ORF1a	454	0.018
ORF1a	472	0.006
ORF1a	474	0.003
ORF1a	486	0.008
ORF1a	498	0.022
ORF1a	503	0.003
ORF1a	510	0.003
ORF1a	519	0.018
ORF1a	524	0.003
ORF1a	526	0.026
ORF1a	528	0.006
ORF1a	536	0.003
ORF1a	537	0.008
ORF1a	538	0.008
ORF1a	539	0.003
ORF1a	540	0.012
ORF1a	550	0.013
ORF1a	554	0.003
ORF1a	556	0.003
ORF1a	558	0.008
ORF1a	561	0.051
ORF1a	564	0.003
ORF1a	565	0.003
ORF1a	566	0.005
ORF1a	568	0.040
ORF1a	579	0.012
ORF1a	580	0.008
ORF1a	590	0.010
ORF1a	591	0.005
ORF1a	595	0.003
ORF1a	598	0.014
ORF1a	607	0.005
ORF1a	609	0.012
ORF1a	610	0.008
ORF1a	614	0.012
ORF1a	620	0.003
ORF1a	628	0.008
ORF1a	629	0.003
ORF1a	630	0.006
ORF1a	631	0.003
ORF1a	633	0.003
ORF1a	635	0.003
ORF1a	636	0.003
ORF1a	642	0.013
ORF1a	644	0.003
ORF1a	645	0.003
ORF1a	647	0.016
ORF1a	649	0.003
ORF1a	657	0.003
ORF1a	661	0.005
ORF1a	662	0.003
ORF1a	667	0.006
ORF1a	668	0.003
ORF1a	671	0.005
ORF1a	679	0.003
ORF1a	681	0.003
ORF1a	687	0.003
ORF1a	704	0.003
ORF1a	708	0.005
ORF1a	723	0.010
ORF1a	728	0.003
ORF1a	730	0.006
ORF1a	735	0.003
ORF1a	739	0.071
ORF1a	740	0.003
ORF1a	746	0.003
ORF1a	748	0.003
ORF1a	753	0.016
ORF1a	754	0.003
ORF1a	755	0.008
ORF1a	756	0.003
ORF1a	758	0.012
ORF1a	765	0.074
ORF1a	770	0.014
ORF1a	771	0.011
ORF1a	795	0.003
ORF1a	797	0.005
ORF1a	798	0.005
ORF1a	804	0.003
ORF1a	812	0.008
ORF1a	813	0.003
ORF1a	814	0.005
ORF1a	819	0.010
ORF1a	828	0.006
ORF1a	837	0.003
ORF1a	840	0.003
ORF1a	845	0.003
ORF1a	848	0.009
ORF1a	849	0.008
ORF1a	855	0.003
ORF1a	859	0.005
ORF1a	868	0.003
ORF1a	869	0.005
ORF1a	872	0.003
ORF1a	873	0.003
ORF1a	876	0.064
ORF1a	877	0.003
ORF1a	879	0.003
ORF1a	882	0.012
ORF1a	886	0.003
ORF1a	890	0.003
ORF1a	891	0.010
ORF1a	892	0.011
ORF1a	903	0.044
ORF1a	908	0.005
ORF1a	910	0.010
ORF1a	913	0.003
ORF1a	925	0.005
ORF1a	930	0.008
ORF1a	931	0.005
ORF1a	940	0.005
ORF1a	943	0.003
ORF1a	944	0.008
ORF1a	945	0.028
ORF1a	946	0.003
ORF1a	953	0.008
ORF1a	964	0.005
ORF1a	967	0.003
ORF1a	968	0.003
ORF1a	971	0.026
ORF1a	974	0.003
ORF1a	976	0.003
ORF1a	984	0.013
ORF1a	989	0.003
ORF1a	992	0.003
ORF1a	993	0.074
ORF1a	995	0.003
ORF1a	996	0.003
ORF1a	998	0.003
ORF1a	999	0.036
ORF1a	1000	0.008
ORF1a	1001	0.006
ORF1a	1002	0.003
ORF1a	1004	0.003
ORF1a	1011	0.003
ORF1a	1013	0.003
ORF1a	1017	0.003
ORF1a	1018	0.003
ORF1a	1020	0.005
ORF1a	1021	0.013
ORF1a	1025	0.003
ORF1a	1034	0.003
ORF1a	1036	0.037
ORF1a	1043	0.003
ORF1a	1044	0.003
ORF1a	1047	0.003
ORF1a	1049	0.010
ORF1a	1054	0.003
ORF1a	1055	0.003
ORF1a	1061	0.003
ORF1a	1067	0.003
ORF1a	1073	0.037
ORF1a	1077	0.003
ORF1a	1093	0.003
ORF1a	1094	0.003
ORF1a	1096	0.026
ORF1a	1102	0.014
ORF1a	1108	0.005
ORF1a	1113	0.051
ORF1a	1117	0.003
ORF1a	1119	0.003
ORF1a	1120	0.010
ORF1a	1123	0.003
ORF1a	1125	0.003
ORF1a	1128	0.003
ORF1a	1130	0.003
ORF1a	1133	0.003
ORF1a	1142	0.008
ORF1a	1143	0.003
ORF1a	1158	0.011
ORF1a	1159	0.003
ORF1a	1166	0.003
ORF1a	1167	0.003
ORF1a	1170	0.008
ORF1a	1172	0.003
ORF1a	1176	0.008
ORF1a	1177	0.003
ORF1a	1179	0.003
ORF1a	1189	0.005
ORF1a	1190	0.003
ORF1a	1195	0.008
ORF1a	1202	0.008
ORF1a	1203	0.003
ORF1a	1204	0.003
ORF1a	1207	0.010
ORF1a	1210	0.003
ORF1a	1211	0.008
ORF1a	1213	0.003
ORF1a	1214	0.003
ORF1a	1216	0.006
ORF1a	1230	0.014
ORF1a	1234	0.003
ORF1a	1235	0.003
ORF1a	1236	0.003
ORF1a	1242	0.003
ORF1a	1245	0.003
ORF1a	1246	0.132
ORF1a	1247	0.034
ORF1a	1248	0.003
ORF1a	1249	0.009
ORF1a	1263	0.010
ORF1a	1270	0.008
ORF1a	1275	0.003
ORF1a	1280	0.061
ORF1a	1282	0.003
ORF1a	1287	0.003
ORF1a	1291	0.003
ORF1a	1295	0.014
ORF1a	1298	0.014
ORF1a	1305	0.067
ORF1a	1306	0.005
ORF1a	1307	0.003
ORF1a	1312	0.003
ORF1a	1316	0.003
ORF1a	1321	0.005
ORF1a	1323	0.010
ORF1a	1341	0.005
ORF1a	1344	0.003
ORF1a	1345	0.003
ORF1a	1352	0.003
ORF1a	1361	0.023
ORF1a	1378	0.003
ORF1a	1379	0.003
ORF1a	1382	0.006
ORF1a	1386	0.003
ORF1a	1393	0.003
ORF1a	1396	0.012
ORF1a	1397	0.003
ORF1a	1398	0.003
ORF1a	1399	0.003
ORF1a	1413	0.003
ORF1a	1418	0.003
ORF1a	1429	0.005
ORF1a	1430	0.003
ORF1a	1444	0.003
ORF1a	1464	0.026
ORF1a	1468	0.010
ORF1a	1473	0.005
ORF1a	1496	0.005
ORF1a	1497	0.003
ORF1a	1507	0.005
ORF1a	1508	0.003
ORF1a	1517	0.005
ORF1a	1521	0.003
ORF1a	1525	0.003
ORF1a	1534	0.005
ORF1a	1539	0.008
ORF1a	1541	0.003
ORF1a	1542	0.012
ORF1a	1554	0.012
ORF1a	1556	0.005
ORF1a	1567	0.044
ORF1a	1568	0.003
ORF1a	1579	0.003
ORF1a	1583	0.003
ORF1a	1584	0.010
ORF1a	1591	0.003
ORF1a	1592	0.003
ORF1a	1597	0.036
ORF1a	1599	0.003
ORF1a	1607	0.003
ORF1a	1612	0.031
ORF1a	1625	0.003
ORF1a	1629	0.003
ORF1a	1633	0.003
ORF1a	1637	0.008
ORF1a	1638	0.003
ORF1a	1640	0.033
ORF1a	1647	0.005
ORF1a	1649	0.024
ORF1a	1655	0.003
ORF1a	1659	0.003
ORF1a	1670	0.008
ORF1a	1671	0.003
ORF1a	1678	0.005
ORF1a	1679	0.005
ORF1a	1682	0.003
ORF1a	1686	0.003
ORF1a	1692	0.014
ORF1a	1701	0.008
ORF1a	1710	0.003
ORF1a	1720	0.006
ORF1a	1734	0.012
ORF1a	1747	0.010
ORF1a	1748	0.008
ORF1a	1754	0.003
ORF1a	1760	0.010
ORF1a	1763	0.024
ORF1a	1767	0.003
ORF1a	1768	0.003
ORF1a	1769	0.058
ORF1a	1770	0.026
ORF1a	1774	0.003
ORF1a	1786	0.077
ORF1a	1798	0.006
ORF1a	1803	0.008
ORF1a	1810	0.008
ORF1a	1812	0.012
ORF1a	1822	0.016
ORF1a	1828	0.003
ORF1a	1840	0.008
ORF1a	1841	0.008
ORF1a	1851	0.003
ORF1a	1852	0.003
ORF1a	1853	0.010
ORF1a	1854	0.022
ORF1a	1862	0.006
ORF1a	1870	0.003
ORF1a	1881	0.003
ORF1a	1895	0.031
ORF1a	1898	0.024
ORF1a	1911	0.003
ORF1a	1921	0.014
ORF1a	1923	0.003
ORF1a	1931	0.003
ORF1a	1938	0.005
ORF1a	1948	0.003
ORF1a	1953	0.003
ORF1a	1977	0.077
ORF1a	1983	0.003
ORF1a	1989	0.003
ORF1a	1997	0.005
ORF1a	2001	0.014
ORF1a	2007	0.038
ORF1a	2010	0.003
ORF1a	2015	0.016
ORF1a	2016	0.083
ORF1a	2018	0.003
ORF1a	2022	0.008
ORF1a	2023	0.008
ORF1a	2024	0.011
ORF1a	2025	0.003
ORF1a	2029	0.030
ORF1a	2030	0.015
ORF1a	2031	0.005
ORF1a	2032	0.005
ORF1a	2033	0.005
ORF1a	2034	0.016
ORF1a	2035	0.003
ORF1a	2036	0.006
ORF1a	2037	0.003
ORF1a	2038	0.006
ORF1a	2039	0.029
ORF1a	2040	0.006
ORF1a	2041	0.013
ORF1a	2042	0.003
ORF1a	2043	0.003
ORF1a	2046	0.026
ORF1a	2061	0.005
ORF1a	2062	0.005
ORF1a	2063	0.003
ORF1a	2066	0.005
ORF1a	2074	0.005
ORF1a	2079	0.021
ORF1a	2087	0.005
ORF1a	2092	0.010
ORF1a	2096	0.006
ORF1a	2097	0.003
ORF1a	2101	0.010
ORF1a	2103	0.038
ORF1a	2106	0.003
ORF1a	2108	0.003
ORF1a	2114	0.011
ORF1a	2116	0.012
ORF1a	2119	0.005
ORF1a	2123	0.014
ORF1a	2124	0.013
ORF1a	2125	0.005
ORF1a	2129	0.010
ORF1a	2134	0.008
ORF1a	2137	0.003
ORF1a	2139	0.003
ORF1a	2142	0.003
ORF1a	2144	0.049
ORF1a	2146	0.005
ORF1a	2149	0.003
ORF1a	2151	0.010
ORF1a	2153	0.003
ORF1a	2154	0.003
ORF1a	2164	0.003
ORF1a	2166	0.005
ORF1a	2178	0.003
ORF1a	2181	0.040
ORF1a	2183	0.003
ORF1a	2184	0.003
ORF1a	2192	0.003
ORF1a	2193	0.005
ORF1a	2201	0.003
ORF1a	2209	0.003
ORF1a	2210	0.008
ORF1a	2212	0.003
ORF1a	2221	0.005
ORF1a	2235	0.003
ORF1a	2237	0.006
ORF1a	2238	0.003
ORF1a	2241	0.003
ORF1a	2242	0.034
ORF1a	2249	0.010
ORF1a	2267	0.003
ORF1a	2271	0.003
ORF1a	2274	0.008
ORF1a	2279	0.003
ORF1a	2285	0.010
ORF1a	2300	0.003
ORF1a	2320	0.003
ORF1a	2345	0.018
ORF1a	2372	0.003
ORF1a	2375	0.003
ORF1a	2403	0.014
ORF1a	2405	0.005
ORF1a	2406	0.003
ORF1a	2459	0.003
ORF1a	2483	0.003
ORF1a	2489	0.003
ORF1a	2493	0.003
ORF1a	2495	0.010
ORF1a	2500	0.003
ORF1a	2501	0.098
ORF1a	2509	0.003
ORF1a	2511	0.005
ORF1a	2512	0.003
ORF1a	2517	0.022
ORF1a	2524	0.005
ORF1a	2529	0.005
ORF1a	2533	0.003
ORF1a	2535	0.008
ORF1a	2537	0.003
ORF1a	2553	0.003
ORF1a	2554	0.046
ORF1a	2563	0.003
ORF1a	2569	0.003
ORF1a	2574	0.003
ORF1a	2576	0.003
ORF1a	2584	0.008
ORF1a	2587	0.005
ORF1a	2588	0.003
ORF1a	2593	0.006
ORF1a	2596	0.003
ORF1a	2600	0.014
ORF1a	2603	0.022
ORF1a	2604	0.005
ORF1a	2611	0.003
ORF1a	2613	0.008
ORF1a	2614	0.003
ORF1a	2619	0.074
ORF1a	2620	0.005
ORF1a	2622	0.008
ORF1a	2625	0.003
ORF1a	2629	0.005
ORF1a	2637	0.003
ORF1a	2659	0.005
ORF1a	2660	0.003
ORF1a	2665	0.006
ORF1a	2674	0.003
ORF1a	2680	0.003
ORF1a	2685	0.014
ORF1a	2690	0.003
ORF1a	2696	0.008
ORF1a	2699	0.010
ORF1a	2702	0.086
ORF1a	2706	0.003
ORF1a	2733	0.003
ORF1a	2739	0.005
ORF1a	2745	0.003
ORF1a	2751	0.003
ORF1a	2759	0.003
ORF1a	2761	0.005
ORF1a	2769	0.003
ORF1a	2780	0.003
ORF1a	2788	0.005
ORF1a	2794	0.008
ORF1a	2796	0.016
ORF1a	2797	0.008
ORF1a	2798	0.003
ORF1a	2806	0.003
ORF1a	2813	0.003
ORF1a	2814	0.003
ORF1a	2823	0.003
ORF1a	2844	0.003
ORF1a	2846	0.003
ORF1a	2856	0.003
ORF1a	2873	0.003
ORF1a	2874	0.003
ORF1a	2894	0.005
ORF1a	2898	0.003
ORF1a	2900	0.080
ORF1a	2906	0.011
ORF1a	2929	0.003
ORF1a	2943	0.005
ORF1a	2944	0.008
ORF1a	2950	0.008
ORF1a	2952	0.003
ORF1a	2960	0.003
ORF1a	2963	0.003
ORF1a	2965	0.003
ORF1a	2967	0.005
ORF1a	2972	0.003
ORF1a	2976	0.005
ORF1a	2980	0.010
ORF1a	2981	0.003
ORF1a	2987	0.003
ORF1a	2993	0.003
ORF1a	2994	0.097
ORF1a	3025	0.005
ORF1a	3027	0.024
ORF1a	3028	0.003
ORF1a	3042	0.003
ORF1a	3057	0.008
ORF1a	3058	0.040
ORF1a	3060	0.003
ORF1a	3070	0.005
ORF1a	3071	0.028
ORF1a	3072	0.018
ORF1a	3076	0.003
ORF1a	3086	0.003
ORF1a	3087	0.058
ORF1a	3090	0.005
ORF1a	3099	0.010
ORF1a	3107	0.003
ORF1a	3116	0.005
ORF1a	3117	0.003
ORF1a	3122	0.005
ORF1a	3130	0.005
ORF1a	3131	0.005
ORF1a	3133	0.003
ORF1a	3134	0.003
ORF1a	3143	0.010
ORF1a	3150	0.008
ORF1a	3152	0.003
ORF1a	3158	0.008
ORF1a	3160	0.003
ORF1a	3162	0.003
ORF1a	3182	0.003
ORF1a	3189	0.003
ORF1a	3195	0.005
ORF1a	3203	0.003
ORF1a	3209	0.010
ORF1a	3212	0.008
ORF1a	3218	0.005
ORF1a	3220	0.018
ORF1a	3221	0.010
ORF1a	3224	0.003
ORF1a	3243	0.003
ORF1a	3244	0.003
ORF1a	3255	0.014
ORF1a	3261	0.003
ORF1a	3266	0.003
ORF1a	3278	0.174
ORF1a	3280	0.005
ORF1a	3298	0.005
ORF1a	3306	0.003
ORF1a	3308	0.003
ORF1a	3313	0.008
ORF1a	3323	0.003
ORF1a	3333	0.003
ORF1a	3334	0.130
ORF1a	3339	0.008
ORF1a	3346	0.026
ORF1a	3351	0.003
ORF1a	3352	0.003
ORF1a	3353	0.034
ORF1a	3357	0.003
ORF1a	3359	0.003
ORF1a	3371	0.029
ORF1a	3392	0.003
ORF1a	3395	0.024
ORF1a	3411	0.005
ORF1a	3419	0.003
ORF1a	3434	0.006
ORF1a	3454	0.008
ORF1a	3456	0.005
ORF1a	3461	0.005
ORF1a	3475	0.026
ORF1a	3488	0.003
ORF1a	3491	0.003
ORF1a	3497	0.012
ORF1a	3499	0.003
ORF1a	3502	0.003
ORF1a	3504	0.006
ORF1a	3509	0.003
ORF1a	3511	0.046
ORF1a	3517	0.005
ORF1a	3518	0.014
ORF1a	3522	0.010
ORF1a	3523	0.003
ORF1a	3529	0.003
ORF1a	3530	0.005
ORF1a	3537	0.012
ORF1a	3539	0.003
ORF1a	3541	0.008
ORF1a	3544	0.003
ORF1a	3571	0.010
ORF1a	3573	0.003
ORF1a	3576	0.029
ORF1a	3579	0.057
ORF1a	3580	0.010
ORF1a	3591	0.005
ORF1a	3606	0.372
ORF1a	3610	0.003
ORF1a	3613	0.003
ORF1a	3615	0.082
ORF1a	3618	0.014
ORF1a	3620	0.012
ORF1a	3623	0.075
ORF1a	3644	0.064
ORF1a	3648	0.010
ORF1a	3652	0.003
ORF1a	3655	0.026
ORF1a	3659	0.003
ORF1a	3665	0.005
ORF1a	3667	0.003
ORF1a	3669	0.005
ORF1a	3675	0.005
ORF1a	3685	0.003
ORF1a	3694	0.003
ORF1a	3704	0.003
ORF1a	3705	0.005
ORF1a	3711	0.063
ORF1a	3712	0.010
ORF1a	3718	0.015
ORF1a	3725	0.003
ORF1a	3728	0.008
ORF1a	3730	0.003
ORF1a	3749	0.003
ORF1a	3750	0.014
ORF1a	3752	0.003
ORF1a	3758	0.003
ORF1a	3777	0.012
ORF1a	3779	0.010
ORF1a	3799	0.003
ORF1a	3802	0.003
ORF1a	3828	0.003
ORF1a	3829	0.008
ORF1a	3832	0.005
ORF1a	3833	0.003
ORF1a	3839	0.008
ORF1a	3842	0.003
ORF1a	3846	0.036
ORF1a	3855	0.003
ORF1a	3862	0.066
ORF1a	3877	0.005
ORF1a	3882	0.003
ORF1a	3884	0.017
ORF1a	3885	0.003
ORF1a	3902	0.008
ORF1a	3909	0.006
ORF1a	3913	0.003
ORF1a	3919	0.005
ORF1a	3921	0.005
ORF1a	3929	0.016
ORF1a	3930	0.012
ORF1a	3934	0.022
ORF1a	3939	0.003
ORF1a	3949	0.005
ORF1a	3950	0.003
ORF1a	3952	0.005
ORF1a	3969	0.003
ORF1a	3972	0.003
ORF1a	3975	0.005
ORF1a	3976	0.012
ORF1a	3977	0.003
ORF1a	3993	0.008
ORF1a	3995	0.010
ORF1a	4014	0.003
ORF1a	4016	0.003
ORF1a	4017	0.005
ORF1a	4049	0.005
ORF1a	4080	0.010
ORF1a	4083	0.041
ORF1a	4087	0.012
ORF1a	4090	0.012
ORF1a	4094	0.006
ORF1a	4095	0.008
ORF1a	4097	0.003
ORF1a	4100	0.003
ORF1a	4116	0.003
ORF1a	4121	0.003
ORF1a	4133	0.003
ORF1a	4135	0.003
ORF1a	4155	0.003
ORF1a	4161	0.003
ORF1a	4164	0.017
ORF1a	4169	0.003
ORF1a	4174	0.003
ORF1a	4175	0.003
ORF1a	4180	0.003
ORF1a	4182	0.003
ORF1a	4189	0.003
ORF1a	4197	0.006
ORF1a	4204	0.005
ORF1a	4217	0.008
ORF1a	4218	0.006
ORF1a	4220	0.005
ORF1a	4241	0.043
ORF1a	4249	0.014
ORF1a	4260	0.003
ORF1a	4268	0.003
ORF1a	4283	0.003
ORF1a	4285	0.003
ORF1a	4296	0.003
ORF1a	4312	0.005
ORF1a	4317	0.010
ORF1a	4324	0.005
ORF1a	4337	0.006
ORF1a	4354	0.003
ORF1a	4355	0.008
ORF1a	4357	0.010
ORF1a	4364	0.003
ORF1a	4375	0.003
ORF1a	4387	0.003
ORF1a	4390	0.003
ORF1a	4398	0.003
ORF1b	7	0.003
ORF1b	11	0.003
ORF1b	15	0.003
ORF1b	17	0.021
ORF1b	18	0.003
ORF1b	29	0.008
ORF1b	33	0.003
ORF1b	34	0.003
ORF1b	37	0.003
ORF1b	51	0.003
ORF1b	53	0.006
ORF1b	67	0.010
ORF1b	68	0.003
ORF1b	76	0.011
ORF1b	82	0.022
ORF1b	84	0.003
ORF1b	85	0.005
ORF1b	88	0.073
ORF1b	94	0.003
ORF1b	103	0.003
ORF1b	109	0.003
ORF1b	115	0.008
ORF1b	129	0.005
ORF1b	132	0.052
ORF1b	134	0.003
ORF1b	142	0.003
ORF1b	151	0.003
ORF1b	162	0.018
ORF1b	169	0.003
ORF1b	176	0.054
ORF1b	205	0.003
ORF1b	218	0.016
ORF1b	219	0.016
ORF1b	220	0.003
ORF1b	222	0.003
ORF1b	237	0.008
ORF1b	239	0.005
ORF1b	241	0.003
ORF1b	245	0.077
ORF1b	248	0.003
ORF1b	255	0.029
ORF1b	258	0.003
ORF1b	267	0.008
ORF1b	275	0.003
ORF1b	276	0.003
ORF1b	284	0.003
ORF1b	290	0.003
ORF1b	310	0.020
ORF1b	314	0.345
ORF1b	316	0.003
ORF1b	370	0.003
ORF1b	377	0.003
ORF1b	394	0.003
ORF1b	396	0.008
ORF1b	397	0.003
ORF1b	404	0.003
ORF1b	414	0.020
ORF1b	425	0.033
ORF1b	440	0.046
ORF1b	441	0.003
ORF1b	442	0.006
ORF1b	448	0.003
ORF1b	461	0.003
ORF1b	467	0.005
ORF1b	469	0.005
ORF1b	490	0.003
ORF1b	505	0.005
ORF1b	512	0.003
ORF1b	513	0.003
ORF1b	520	0.012
ORF1b	524	0.005
ORF1b	528	0.003
ORF1b	535	0.003
ORF1b	576	0.003
ORF1b	579	0.003
ORF1b	587	0.010
ORF1b	604	0.003
ORF1b	620	0.003
ORF1b	629	0.003
ORF1b	634	0.003
ORF1b	635	0.003
ORF1b	638	0.014
ORF1b	647	0.031
ORF1b	657	0.051
ORF1b	659	0.003
ORF1b	690	0.003
ORF1b	696	0.005
ORF1b	697	0.008
ORF1b	709	0.003
ORF1b	711	0.038
ORF1b	712	0.005
ORF1b	716	0.003
ORF1b	729	0.033
ORF1b	735	0.003
ORF1b	738	0.003
ORF1b	740	0.003
ORF1b	746	0.003
ORF1b	759	0.003
ORF1b	762	0.003
ORF1b	765	0.003
ORF1b	767	0.052
ORF1b	794	0.005
ORF1b	813	0.008
ORF1b	814	0.016
ORF1b	815	0.003
ORF1b	816	0.003
ORF1b	831	0.012
ORF1b	839	0.003
ORF1b	846	0.003
ORF1b	862	0.003
ORF1b	870	0.026
ORF1b	901	0.003
ORF1b	904	0.014
ORF1b	909	0.029
ORF1b	913	0.005
ORF1b	919	0.010
ORF1b	923	0.003
ORF1b	927	0.003
ORF1b	941	0.044
ORF1b	959	0.003
ORF1b	966	0.003
ORF1b	970	0.003
ORF1b	976	0.011
ORF1b	985	0.003
ORF1b	991	0.003
ORF1b	997	0.013
ORF1b	1000	0.003
ORF1b	1001	0.006
ORF1b	1003	0.008
ORF1b	1028	0.003
ORF1b	1031	0.003
ORF1b	1034	0.003
ORF1b	1050	0.008
ORF1b	1061	0.003
ORF1b	1063	0.003
ORF1b	1064	0.003
ORF1b	1087	0.008
ORF1b	1092	0.015
ORF1b	1099	0.003
ORF1b	1125	0.003
ORF1b	1129	0.006
ORF1b	1131	0.003
ORF1b	1137	0.003
ORF1b	1139	0.003
ORF1b	1141	0.052
ORF1b	1149	0.008
ORF1b	1156	0.003
ORF1b	1162	0.005
ORF1b	1167	0.003
ORF1b	1176	0.003
ORF1b	1177	0.003
ORF1b	1183	0.015
ORF1b	1184	0.055
ORF1b	1189	0.003
ORF1b	1194	0.003
ORF1b	1197	0.003
ORF1b	1199	0.014
ORF1b	1213	0.103
ORF1b	1219	0.003
ORF1b	1220	0.018
ORF1b	1224	0.008
ORF1b	1225	0.003
ORF1b	1233	0.012
ORF1b	1242	0.024
ORF1b	1248	0.003
ORF1b	1257	0.003
ORF1b	1259	0.003
ORF1b	1264	0.014
ORF1b	1267	0.006
ORF1b	1271	0.010
ORF1b	1273	0.012
ORF1b	1274	0.010
ORF1b	1279	0.010
ORF1b	1287	0.005
ORF1b	1291	0.005
ORF1b	1292	0.008
ORF1b	1295	0.003
ORF1b	1302	0.003
ORF1b	1303	0.003
ORF1b	1315	0.005
ORF1b	1326	0.005
ORF1b	1342	0.003
ORF1b	1350	0.003
ORF1b	1351	0.014
ORF1b	1357	0.003
ORF1b	1359	0.003
ORF1b	1362	0.003
ORF1b	1369	0.003
ORF1b	1381	0.003
ORF1b	1383	0.003
ORF1b	1389	0.008
ORF1b	1391	0.005
ORF1b	1392	0.003
ORF1b	1396	0.003
ORF1b	1397	0.003
ORF1b	1404	0.029
ORF1b	1407	0.003
ORF1b	1408	0.022
ORF1b	1419	0.003
ORF1b	1427	0.011
ORF1b	1428	0.084
ORF1b	1430	0.003
ORF1b	1441	0.078
ORF1b	1443	0.005
ORF1b	1447	0.003
ORF1b	1450	0.005
ORF1b	1451	0.003
ORF1b	1452	0.003
ORF1b	1466	0.010
ORF1b	1476	0.003
ORF1b	1491	0.011
ORF1b	1499	0.003
ORF1b	1504	0.005
ORF1b	1511	0.016
ORF1b	1518	0.005
ORF1b	1521	0.047
ORF1b	1522	0.010
ORF1b	1527	0.010
ORF1b	1528	0.008
ORF1b	1538	0.003
ORF1b	1540	0.012
ORF1b	1546	0.016
ORF1b	1550	0.003
ORF1b	1551	0.003
ORF1b	1555	0.005
ORF1b	1563	0.005
ORF1b	1567	0.006
ORF1b	1572	0.003
ORF1b	1573	0.011
ORF1b	1582	0.008
ORF1b	1586	0.003
ORF1b	1587	0.003
ORF1b	1596	0.005
ORF1b	1598	0.003
ORF1b	1600	0.003
ORF1b	1637	0.005
ORF1b	1643	0.040
ORF1b	1644	0.003
ORF1b	1645	0.003
ORF1b	1649	0.003
ORF1b	1654	0.003
ORF1b	1657	0.005
ORF1b	1662	0.008
ORF1b	1666	0.003
ORF1b	1668	0.003
ORF1b	1674	0.005
ORF1b	1675	0.003
ORF1b	1677	0.008
ORF1b	1681	0.008
ORF1b	1682	0.003
ORF1b	1701	0.003
ORF1b	1706	0.005
ORF1b	1727	0.008
ORF1b	1728	0.005
ORF1b	1732	0.008
ORF1b	1735	0.003
ORF1b	1736	0.008
ORF1b	1738	0.003
ORF1b	1749	0.003
ORF1b	1772	0.005
ORF1b	1774	0.022
ORF1b	1779	0.013
ORF1b	1780	0.003
ORF1b	1782	0.003
ORF1b	1784	0.005
ORF1b	1787	0.005
ORF1b	1798	0.012
ORF1b	1800	0.003
ORF1b	1805	0.003
ORF1b	1811	0.003
ORF1b	1813	0.008
ORF1b	1814	0.003
ORF1b	1828	0.003
ORF1b	1830	0.003
ORF1b	1831	0.003
ORF1b	1839	0.005
ORF1b	1842	0.003
ORF1b	1844	0.005
ORF1b	1847	0.003
ORF1b	1848	0.008
ORF1b	1850	0.003
ORF1b	1869	0.013
ORF1b	1873	0.008
ORF1b	1877	0.003
ORF1b	1879	0.003
ORF1b	1881	0.003
ORF1b	1884	0.003
ORF1b	1896	0.003
ORF1b	1898	0.078
ORF1b	1922	0.003
ORF1b	1933	0.005
ORF1b	1942	0.003
ORF1b	1943	0.003
ORF1b	1944	0.003
ORF1b	1966	0.003
ORF1b	1967	0.006
ORF1b	1977	0.003
ORF1b	1979	0.005
ORF1b	1980	0.005
ORF1b	1996	0.003
ORF1b	2006	0.003
ORF1b	2010	0.003
ORF1b	2017	0.003
ORF1b	2020	0.003
ORF1b	2024	0.003
ORF1b	2025	0.085
ORF1b	2031	0.003
ORF1b	2033	0.003
ORF1b	2040	0.003
ORF1b	2055	0.003
ORF1b	2061	0.014
ORF1b	2063	0.008
ORF1b	2066	0.003
ORF1b	2068	0.006
ORF1b	2070	0.005
ORF1b	2073	0.003
ORF1b	2076	0.003
ORF1b	2084	0.140
ORF1b	2086	0.003
ORF1b	2089	0.028
ORF1b	2090	0.008
ORF1b	2099	0.008
ORF1b	2115	0.005
ORF1b	2117	0.019
ORF1b	2127	0.003
ORF1b	2132	0.005
ORF1b	2134	0.003
ORF1b	2138	0.003
ORF1b	2142	0.014
ORF1b	2144	0.003
ORF1b	2156	0.003
ORF1b	2162	0.003
ORF1b	2163	0.008
ORF1b	2165	0.003
ORF1b	2168	0.005
ORF1b	2178	0.016
ORF1b	2181	0.003
ORF1b	2183	0.010
ORF1b	2195	0.003
ORF1b	2213	0.003
ORF1b	2220	0.003
ORF1b	2222	0.008
ORF1b	2223	0.019
ORF1b	2226	0.003
ORF1b	2233	0.003
ORF1b	2256	0.005
ORF1b	2257	0.025
ORF1b	2260	0.003
ORF1b	2263	0.008
ORF1b	2268	0.014
ORF1b	2269	0.003
ORF1b	2273	0.003
ORF1b	2276	0.003
ORF1b	2277	0.003
ORF1b	2282	0.031
ORF1b	2287	0.003
ORF1b	2306	0.008
ORF1b	2311	0.008
ORF1b	2312	0.005
ORF1b	2314	0.003
ORF1b	2315	0.003
ORF1b	2321	0.005
ORF1b	2322	0.006
ORF1b	2323	0.005
ORF1b	2329	0.003
ORF1b	2332	0.003
ORF1b	2337	0.003
ORF1b	2338	0.003
ORF1b	2339	0.003
ORF1b	2340	0.008
ORF1b	2371	0.005
ORF1b	2385	0.036
ORF1b	2386	0.036
ORF1b	2388	0.005
ORF1b	2394	0.003
ORF1b	2403	0.005
ORF1b	2407	0.003
ORF1b	2411	0.006
ORF1b	2417	0.003
ORF1b	2425	0.029
ORF1b	2430	0.005
ORF1b	2432	0.005
ORF1b	2446	0.003
ORF1b	2488	0.003
ORF1b	2492	0.005
ORF1b	2508	0.005
ORF1b	2513	0.003
ORF1b	2514	0.006
ORF1b	2521	0.003
ORF1b	2523	0.028
ORF1b	2537	0.003
ORF1b	2544	0.003
ORF1b	2545	0.003
ORF1b	2557	0.008
ORF1b	2559	0.003
ORF1b	2560	0.003
ORF1b	2563	0.014
ORF1b	2565	0.008
ORF1b	2566	0.006
ORF1b	2575	0.022
ORF1b	2576	0.003
ORF1b	2579	0.003
ORF1b	2589	0.006
ORF1b	2592	0.038
ORF1b	2596	0.003
ORF1b	2605	0.003
ORF1b	2612	0.024
ORF1b	2613	0.024
ORF1b	2616	0.005
ORF1b	2619	0.010
ORF1b	2622	0.003
ORF1b	2623	0.003
ORF1b	2633	0.003
ORF1b	2635	0.005
ORF1b	2646	0.003
ORF1b	2662	0.003
ORF1b	2667	0.020
ORF1b	2674	0.008
ORF1b	2676	0.014
ORF1b	2684	0.003
ORF1b	2691	0.014
ORF1b	2695	0.005
ORF3a	2	0.003
ORF3a	5	0.003
ORF3a	7	0.003
ORF3a	10	0.003
ORF3a	11	0.006
ORF3a	12	0.003
ORF3a	13	0.085
ORF3a	14	0.013
ORF3a	15	0.011
ORF3a	16	0.008
ORF3a	17	0.003
ORF3a	18	0.006
ORF3a	19	0.020
ORF3a	20	0.003
ORF3a	21	0.005
ORF3a	22	0.003
ORF3a	23	0.013
ORF3a	25	0.005
ORF3a	26	0.008
ORF3a	27	0.008
ORF3a	30	0.003
ORF3a	32	0.008
ORF3a	33	0.005
ORF3a	34	0.014
ORF3a	38	0.044
ORF3a	40	0.003
ORF3a	41	0.003
ORF3a	42	0.005
ORF3a	44	0.003
ORF3a	45	0.006
ORF3a	46	0.026
ORF3a	49	0.003
ORF3a	52	0.003
ORF3a	53	0.016
ORF3a	54	0.049
ORF3a	55	0.006
ORF3a	57	0.394
ORF3a	58	0.078
ORF3a	59	0.006
ORF3a	61	0.005
ORF3a	63	0.012
ORF3a	64	0.005
ORF3a	68	0.009
ORF3a	69	0.011
ORF3a	72	0.015
ORF3a	74	0.008
ORF3a	75	0.039
ORF3a	76	0.008
ORF3a	77	0.008
ORF3a	78	0.010
ORF3a	85	0.003
ORF3a	86	0.005
ORF3a	88	0.003
ORF3a	89	0.012
ORF3a	90	0.012
ORF3a	91	0.008
ORF3a	93	0.025
ORF3a	94	0.003
ORF3a	95	0.005
ORF3a	96	0.003
ORF3a	98	0.008
ORF3a	99	0.019
ORF3a	100	0.008
ORF3a	101	0.006
ORF3a	103	0.008
ORF3a	104	0.024
ORF3a	105	0.003
ORF3a	106	0.016
ORF3a	107	0.005
ORF3a	108	0.043
ORF3a	109	0.008
ORF3a	110	0.029
ORF3a	112	0.008
ORF3a	118	0.003
ORF3a	123	0.008
ORF3a	126	0.010
ORF3a	128	0.005
ORF3a	131	0.033
ORF3a	136	0.018
ORF3a	137	0.010
ORF3a	142	0.003
ORF3a	144	0.003
ORF3a	146	0.003
ORF3a	147	0.011
ORF3a	151	0.037
ORF3a	155	0.003
ORF3a	156	0.011
ORF3a	158	0.005
ORF3a	159	0.003
ORF3a	163	0.012
ORF3a	165	0.010
ORF3a	166	0.010
ORF3a	171	0.020
ORF3a	172	0.052
ORF3a	173	0.010
ORF3a	174	0.013
ORF3a	175	0.012
ORF3a	176	0.006
ORF3a	177	0.005
ORF3a	180	0.008
ORF3a	185	0.019
ORF3a	186	0.003
ORF3a	188	0.003
ORF3a	191	0.003
ORF3a	193	0.005
ORF3a	195	0.003
ORF3a	196	0.028
ORF3a	197	0.003
ORF3a	202	0.046
ORF3a	205	0.003
ORF3a	207	0.058
ORF3a	211	0.003
ORF3a	213	0.026
ORF3a	217	0.006
ORF3a	222	0.008
ORF3a	223	0.081
ORF3a	224	0.014
ORF3a	225	0.005
ORF3a	229	0.005
ORF3a	230	0.003
ORF3a	235	0.003
ORF3a	236	0.003
ORF3a	238	0.003
ORF3a	240	0.020
ORF3a	251	0.138
ORF3a	253	0.005
ORF3a	254	0.023
ORF3a	255	0.003
ORF3a	256	0.018
ORF3a	257	0.005
ORF3a	261	0.003
ORF3a	263	0.003
ORF3a	273	0.003
ORF3a	275	0.003
ORF6	6	0.005
ORF6	7	0.003
ORF6	8	0.005
ORF6	13	0.003
ORF6	14	0.003
ORF6	17	0.003
ORF6	27	0.003
ORF6	33	0.019
ORF6	41	0.003
ORF6	45	0.003
ORF6	47	0.003
ORF6	49	0.003
ORF6	55	0.003
ORF6	56	0.003
ORF6	57	0.003
ORF6	58	0.003
ORF6	59	0.003
ORF6	60	0.003
ORF6	61	0.008
ORF7a	2	0.003
ORF7a	8	0.008
ORF7a	11	0.003
ORF7a	12	0.003
ORF7a	13	0.014
ORF7a	14	0.006
ORF7a	15	0.003
ORF7a	16	0.003
ORF7a	17	0.006
ORF7a	21	0.003
ORF7a	22	0.005
ORF7a	25	0.008
ORF7a	27	0.003
ORF7a	28	0.008
ORF7a	29	0.005
ORF7a	31	0.003
ORF7a	33	0.003
ORF7a	42	0.003
ORF7a	43	0.003
ORF7a	45	0.005
ORF7a	47	0.016
ORF7a	49	0.003
ORF7a	51	0.003
ORF7a	55	0.003
ORF7a	59	0.005
ORF7a	60	0.008
ORF7a	61	0.008
ORF7a	62	0.016
ORF7a	63	0.008
ORF7a	64	0.003
ORF7a	65	0.003
ORF7a	72	0.005
ORF7a	73	0.003
ORF7a	78	0.006
ORF7a	79	0.003
ORF7a	80	0.026
ORF7a	81	0.003
ORF7a	83	0.008
ORF7a	84	0.003
ORF7a	88	0.003
ORF7a	93	0.003
ORF7a	94	0.008
ORF7a	97	0.006
ORF7a	98	0.008
ORF7a	99	0.003
ORF7a	100	0.003
ORF7a	104	0.008
ORF7a	105	0.003
ORF7a	106	0.006
ORF7a	108	0.005
ORF7a	110	0.003
ORF7a	118	0.005
ORF7a	119	0.008
ORF7a	120	0.003
ORF7b	3	0.003
ORF7b	4	0.003
ORF7b	5	0.016
ORF7b	14	0.003
ORF7b	16	0.003
ORF7b	19	0.003
ORF7b	29	0.008
ORF7b	32	0.011
ORF7b	39	0.003
ORF7b	40	0.010
ORF7b	41	0.084
ORF7b	42	0.013
ORF7b	43	0.003
ORF8	4	0.003
ORF8	8	0.008
ORF8	9	0.003
ORF8	10	0.005
ORF8	18	0.034
ORF8	24	0.003
ORF8	25	0.008
ORF8	26	0.008
ORF8	30	0.003
ORF8	31	0.003
ORF8	32	0.005
ORF8	35	0.010
ORF8	38	0.008
ORF8	39	0.003
ORF8	45	0.003
ORF8	51	0.008
ORF8	54	0.003
ORF8	58	0.003
ORF8	62	0.024
ORF8	63	0.003
ORF8	64	0.077
ORF8	65	0.037
ORF8	67	0.022
ORF8	69	0.003
ORF8	71	0.003
ORF8	72	0.005
ORF8	77	0.005
ORF8	81	0.008
ORF8	84	0.064
ORF8	87	0.005
ORF8	90	0.003
ORF8	91	0.003
ORF8	92	0.012
ORF8	93	0.003
ORF8	95	0.005
ORF8	97	0.003
ORF8	101	0.003
ORF8	102	0.003
ORF8	104	0.003
ORF8	106	0.006
ORF8	107	0.014
ORF8	110	0.012
ORF8	115	0.003
ORF8	120	0.005
ORF9b	2	0.003
ORF9b	3	0.006
ORF9b	4	0.019
ORF9b	5	0.003
ORF9b	6	0.003
ORF9b	8	0.005
ORF9b	9	0.050
ORF9b	10	0.073
ORF9b	11	0.003
ORF9b	13	0.029
ORF9b	14	0.003
ORF9b	16	0.008
ORF9b	17	0.003
ORF9b	24	0.005
ORF9b	25	0.006
ORF9b	26	0.003
ORF9b	30	0.010
ORF9b	31	0.061
ORF9b	32	0.008
ORF9b	33	0.008
ORF9b	34	0.003
ORF9b	36	0.003
ORF9b	38	0.014
ORF9b	45	0.003
ORF9b	50	0.005
ORF9b	51	0.003
ORF9b	57	0.003
ORF9b	59	0.003
ORF9b	64	0.008
ORF9b	73	0.003
ORF9b	76	0.006
ORF9b	77	0.008
ORF9b	85	0.003
ORF9b	98	0.005
S	5	0.068
S	12	0.041
S	14	0.003
S	18	0.154
S	20	0.010
S	21	0.114
S	22	0.003
S	25	0.003
S	26	0.008
S	27	0.013
S	28	0.008
S	29	0.011
S	30	0.003
S	32	0.003
S	33	0.003
S	49	0.016
S	51	0.003
S	52	0.003
S	54	0.026
S	62	0.006
S	63	0.003
S	67	0.003
S	68	0.003
S	69	0.040
S	70	0.008
S	71	0.003
S	73	0.008
S	75	0.003
S	76	0.003
S	77	0.005
S	80	0.033
S	83	0.003
S	90	0.003
S	95	0.003
S	98	0.049
S	100	0.003
S	107	0.003
S	112	0.003
S	120	0.003
S	138	0.005
S	139	0.003
S	141	0.005
S	142	0.005
S	143	0.005
S	144	0.003
S	146	0.017
S	151	0.010
S	152	0.003
S	153	0.026
S	154	0.003
S	156	0.003
S	176	0.003
S	177	0.003
S	179	0.003
S	185	0.003
S	188	0.003
S	189	0.005
S	190	0.008
S	193	0.003
S	213	0.003
S	214	0.008
S	215	0.017
S	218	0.003
S	222	0.313
S	243	0.008
S	244	0.005
S	247	0.003
S	249	0.003
S	251	0.006
S	252	0.003
S	254	0.003
S	255	0.008
S	257	0.003
S	258	0.026
S	259	0.003
S	261	0.008
S	262	0.018
S	272	0.014
S	279	0.003
S	281	0.029
S	282	0.003
S	290	0.003
S	291	0.003
S	307	0.003
S	308	0.008
S	309	0.005
S	320	0.003
S	325	0.003
S	330	0.003
S	341	0.003
S	344	0.003
S	348	0.003
S	354	0.005
S	356	0.003
S	362	0.003
S	367	0.006
S	372	0.003
S	373	0.010
S	382	0.010
S	406	0.005
S	408	0.003
S	439	0.127
S	440	0.003
S	455	0.008
S	459	0.022
S	462	0.003
S	469	0.003
S	475	0.003
S	477	0.091
S	478	0.003
S	479	0.010
S	481	0.003
S	484	0.003
S	494	0.003
S	520	0.003
S	522	0.015
S	529	0.024
S	533	0.003
S	545	0.003
S	549	0.003
S	558	0.014
S	565	0.006
S	574	0.003
S	575	0.003
S	580	0.003
S	583	0.014
S	596	0.003
S	613	0.005
S	614	0.329
S	615	0.008
S	622	0.012
S	623	0.006
S	624	0.003
S	626	0.033
S	629	0.003
S	631	0.003
S	638	0.003
S	640	0.003
S	642	0.012
S	654	0.005
S	655	0.005
S	658	0.003
S	674	0.003
S	675	0.005
S	677	0.034
S	679	0.003
S	681	0.008
S	687	0.008
S	688	0.018
S	689	0.005
S	691	0.003
S	692	0.003
S	698	0.012
S	699	0.003
S	716	0.005
S	723	0.036
S	732	0.005
S	733	0.003
S	744	0.003
S	745	0.003
S	747	0.003
S	754	0.003
S	763	0.003
S	765	0.003
S	769	0.018
S	772	0.005
S	773	0.003
S	779	0.003
S	780	0.008
S	783	0.003
S	793	0.003
S	796	0.006
S	798	0.003
S	801	0.003
S	807	0.005
S	812	0.008
S	813	0.005
S	818	0.005
S	822	0.005
S	826	0.003
S	830	0.005
S	831	0.003
S	846	0.003
S	847	0.013
S	852	0.003
S	859	0.005
S	879	0.014
S	884	0.006
S	892	0.003
S	900	0.008
S	922	0.003
S	925	0.003
S	929	0.003
S	936	0.078
S	937	0.003
S	939	0.014
S	940	0.012
S	953	0.003
S	980	0.003
S	1020	0.008
S	1027	0.005
S	1055	0.003
S	1063	0.003
S	1068	0.008
S	1073	0.012
S	1074	0.008
S	1078	0.026
S	1079	0.003
S	1083	0.003
S	1084	0.036
S	1087	0.010
S	1104	0.005
S	1109	0.003
S	1111	0.005
S	1117	0.008
S	1121	0.012
S	1122	0.005
S	1124	0.003
S	1129	0.003
S	1133	0.003
S	1146	0.010
S	1150	0.003
S	1153	0.003
S	1160	0.003
S	1162	0.013
S	1163	0.024
S	1165	0.003
S	1167	0.025
S	1171	0.005
S	1176	0.018
S	1200	0.003
S	1203	0.003
S	1210	0.003
S	1219	0.003
S	1224	0.003
S	1225	0.055
S	1227	0.003
S	1228	0.003
S	1229	0.022
S	1235	0.006
S	1237	0.003
S	1238	0.010
S	1242	0.003
S	1245	0.003
S	1246	0.015
S	1248	0.003
S	1250	0.003
S	1251	0.074
S	1253	0.003
S	1262	0.003
S	1263	0.031