date,total_cases,total_deaths,new_cases,new_deaths,morality_rate,new_morality_rate
2020-01-01,0.0,0.0,0.0,0.0,,
2020-01-02,0.0,0.0,0.0,0.0,,
2020-01-03,0.0,0.0,0.0,0.0,,
2020-01-04,0.0,0.0,0.0,0.0,,
2020-01-05,0.0,0.0,0.0,0.0,,
2020-01-06,0.0,0.0,0.0,0.0,,
2020-01-07,0.0,0.0,0.0,0.0,,
2020-01-08,0.0,0.0,0.0,0.0,,
2020-01-09,0.0,0.0,0.0,0.0,,
2020-01-10,0.0,0.0,0.0,0.0,,
2020-01-11,0.0,0.0,0.0,0.0,,
2020-01-12,0.0,0.0,0.0,0.0,,
2020-01-13,0.0,0.0,0.0,0.0,,
2020-01-14,0.0,0.0,0.0,0.0,,
2020-01-15,0.0,0.0,0.0,0.0,,
2020-01-16,0.0,0.0,0.0,0.0,,
2020-01-17,0.0,0.0,0.0,0.0,,
2020-01-18,0.0,0.0,0.0,0.0,,
2020-01-19,0.0,0.0,0.0,0.0,,
2020-01-20,0.0,0.0,0.0,0.0,,
2020-01-21,0.0,0.0,0.0,0.0,,
2020-01-22,2228.0,68.0,0.0,0.0,0.03052064631956912,
2020-01-23,2628.0,72.0,400.0,4.0,0.0273972602739726,0.01
2020-01-24,3778.0,104.0,1150.0,32.0,0.02752779248279513,0.02782608695652174
2020-01-25,5751.0,168.0,1973.0,64.0,0.029212310902451747,0.03243791180942727
2020-01-26,8483.0,224.0,2732.0,56.0,0.026405752681834257,0.020497803806734993
2020-01-27,11720.0,328.0,3237.0,104.0,0.027986348122866895,0.0321285140562249
2020-01-28,22328.0,524.0,10608.0,196.0,0.023468290935148694,0.01847662141779789
2020-01-29,24686.0,532.0,2358.0,8.0,0.021550676496799804,0.0033927056827820186
2020-01-30,32958.0,684.0,8272.0,152.0,0.02075368651010377,0.0183752417794971
2020-01-31,39721.0,852.0,6763.0,168.0,0.021449611036982955,0.024841046872689634
2020-02-01,48171.0,1036.0,8450.0,184.0,0.021506715658798862,0.02177514792899408
2020-02-02,67169.0,1448.0,18998.0,412.0,0.021557563757090323,0.0216864933150858
2020-02-03,79571.0,1704.0,12402.0,256.0,0.021414837063754383,0.02064183196258668
2020-02-04,95620.0,1968.0,16049.0,264.0,0.020581468312068606,0.01644962302947224
2020-02-05,110600.0,2256.0,14980.0,288.0,0.020397830018083183,0.01922563417890521
2020-02-06,123248.0,2536.0,12648.0,280.0,0.02057639880566013,0.022137887413029727
2020-02-07,137504.0,2876.0,14256.0,340.0,0.020915755178031185,0.023849607182940515
2020-02-08,148433.0,3224.0,10929.0,348.0,0.021720237413513168,0.03184188855339006
2020-02-09,160553.0,3624.0,12120.0,400.0,0.0225719855748569,0.033003300330033
2020-02-10,170847.0,4052.0,10294.0,428.0,0.023717127020082295,0.04157761802992034
2020-02-11,179022.0,4452.0,8175.0,400.0,0.02486845192211013,0.04892966360856269
2020-02-12,180614.0,4472.0,1592.0,20.0,0.024759985383192885,0.01256281407035176
2020-02-13,241222.0,5484.0,60608.0,1012.0,0.022734244803541966,0.016697465681098204
2020-02-14,267248.0,6092.0,26026.0,608.0,0.02279530623241334,0.0233612541304849
2020-02-15,275687.0,6665.0,8439.0,573.0,0.024175967673484785,0.06789904017063633
2020-02-16,284279.0,7081.0,8592.0,416.0,0.024908628495245867,0.048417132216014895
2020-02-17,292221.0,7473.0,7942.0,392.0,0.02557311076206022,0.049357844371694784
2020-02-18,299573.0,8033.0,7352.0,560.0,0.026814833112463406,0.07616974972796518
2020-02-19,301415.0,8493.0,1842.0,460.0,0.028177098021000945,0.249728555917481
2020-02-20,303633.0,8989.0,2218.0,496.0,0.02960481897553955,0.2236248872858431
2020-02-21,306170.0,9006.0,2537.0,17.0,0.029415030865205603,0.006700827749310209
2020-02-22,313260.0,9835.0,7090.0,829.0,0.03139564578944008,0.11692524682651621
2020-02-23,314768.0,9878.0,1508.0,43.0,0.031381843135261524,0.028514588859416445
2020-02-24,317114.0,10522.0,2346.0,644.0,0.03318049660374502,0.27450980392156865
2020-02-25,320632.0,10845.0,3518.0,323.0,0.03382382294967439,0.09181353041500853
2020-02-26,324649.0,11090.0,4017.0,245.0,0.03415996969034249,0.06099078914612895
2020-02-27,330265.0,11267.0,5616.0,177.0,0.03411502884047659,0.031517094017094016
2020-02-28,336276.0,11503.0,6011.0,236.0,0.03420702042369958,0.039261354183996004
2020-02-29,344111.0,11791.0,7835.0,288.0,0.03426510631743827,0.036758136566687936
2020-03-01,354340.0,12012.0,10229.0,221.0,0.03389964440932438,0.02160524000391045
2020-03-02,362769.0,12387.0,8429.0,375.0,0.03414569602143513,0.04448926325780045
2020-03-03,373824.0,12712.0,11055.0,325.0,0.03400530731039206,0.02939846223428313
2020-03-04,384013.0,13121.0,10189.0,409.0,0.0341681141003039,0.040141328884090687
2020-03-05,396084.0,13538.0,12071.0,417.0,0.0341796184647701,0.0345456051694143
2020-03-06,413362.0,14044.0,17278.0,506.0,0.03397506301982282,0.029285796967241578
2020-03-07,431991.0,14513.0,18629.0,469.0,0.03359560731589316,0.025175801170218476
2020-03-08,449655.0,15622.0,17664.0,1109.0,0.034742191235502776,0.0627830615942029
2020-03-09,470018.0,16498.0,20363.0,876.0,0.03510078337425375,0.043019201492903794
2020-03-10,491991.0,17787.0,21973.0,1289.0,0.03615310036159198,0.058662904473672235
2020-03-11,526553.0,19403.0,34674.0,1616.0,0.036849092114184134,0.04660552575416739
2020-03-12,557759.0,20846.0,31206.0,1443.0,0.037374565000295824,0.0462411074793309
2020-03-13,619986.0,23172.0,62227.0,2326.0,0.037375037500846794,0.03737927266299195
2020-03-14,670963.0,25130.0,50977.0,1958.0,0.03745363008094336,0.038409478784549894
2020-03-15,723311.0,28202.0,52348.0,3072.0,0.03899014393531966,0.058684190417972036
2020-03-16,791293.0,31420.0,67982.0,3218.0,0.03970716283348898,0.047336059545173725
2020-03-17,861670.0,35231.0,70377.0,3811.0,0.04088688244919749,0.05415121417508561
2020-03-18,942795.0,39491.0,81125.0,4260.0,0.04188715468367991,0.0525115562403698
2020-03-19,1068024.0,44713.0,125229.0,5230.0,0.04186516407870984,0.04176348928762507
2020-03-20,1202264.0,51788.0,134248.0,7075.0,0.04307539774957913,0.052700971336630716
2020-03-21,1350878.0,60049.0,148638.0,8265.0,0.04445183058721809,0.05560489242320268
2020-03-22,1505375.0,68056.0,154497.0,8007.0,0.04520866893631155,0.05182624905337968
2020-03-23,1699385.0,77386.0,194010.0,9330.0,0.04553765038528644,0.04809030462347302
2020-03-24,1888928.0,88314.0,189603.0,10928.0,0.046753502515712614,0.05763621883619985
2020-03-25,2119867.0,101592.0,230939.0,13278.0,0.04792376125483344,0.057495702328320464
2020-03-26,2395064.0,115805.0,275197.0,14225.0,0.04835152630576887,0.051690243716319584
2020-03-27,2680185.0,132043.0,285121.0,16238.0,0.049266375268871364,0.05695125928991551
2020-03-28,2987889.0,149795.0,307704.0,17752.0,0.050134057858240384,0.05769180771130697
2020-03-29,3237673.0,165941.0,249784.0,16146.0,0.051253168556552806,0.06463984882938859
2020-03-30,3524843.0,184708.0,287170.0,18767.0,0.052401766546765344,0.06535153393460319
2020-03-31,3868778.0,206521.0,343935.0,21813.0,0.053381455332924245,0.0634218675040342
2020-04-01,4224192.0,234232.0,355414.0,27711.0,0.05545013105464903,0.07796822860101178
2020-04-02,4580921.0,260771.0,356733.0,26539.0,0.056925452327163034,0.07439457521451617
2020-04-03,4947303.0,289074.0,366382.0,28303.0,0.05843062371558807,0.07724997407077859
2020-04-04,5195026.0,315758.0,333107.0,27844.0,0.06078083151075663,0.08358875676584401
2020-04-05,5505351.0,339375.0,310325.0,23617.0,0.06164457089112029,0.07610408442761621
2020-04-06,5823189.0,365600.0,317838.0,26225.0,0.06278346795887958,0.08251058715446234
2020-04-07,6114427.0,402843.0,308708.0,37243.0,0.065884014969841,0.12064151236767431
2020-04-08,6466892.0,432893.0,352465.0,30050.0,0.06693988395043554,0.08525669215383087
2020-04-09,6839058.0,467950.0,372166.0,35057.0,0.06842316588044728,0.09419721307158634
2020-04-10,7209772.0,501497.0,370714.0,33547.0,0.06955795550816309,0.09049294064966525
2020-04-11,7532760.0,530190.0,322988.0,28693.0,0.0703845602408679,0.08883611775050466
2020-04-12,8075314.0,555789.0,542638.0,25599.0,0.06882568281555368,0.047175096473155216
2020-04-13,8378751.0,582389.0,303437.0,26600.0,0.06950785385554482,0.08766234836226301
2020-04-14,8746275.0,613747.0,367524.0,31368.0,0.07017238767360963,0.08534952819407712
2020-04-15,9078473.0,650973.0,332198.0,37226.0,0.07170512045362695,0.11205967525391483
2020-04-16,9489246.0,683985.0,410773.0,33012.0,0.07208001563032511,0.08036555469809359
2020-04-17,9861037.0,721300.0,371791.0,37315.0,0.07314646522470203,0.10036552794446342
2020-04-18,10191186.0,748957.0,330153.0,27657.0,0.07349066144018959,0.08377025197408475
2020-04-19,10516497.0,772633.0,325311.0,23676.0,0.0734686654691196,0.07277958630356797
2020-04-20,10832957.0,798213.0,316460.0,25580.0,0.07368375966045097,0.08083170068887063
2020-04-21,11154126.0,830162.0,321169.0,31949.0,0.07442644990741543,0.09947722227238619
2020-04-22,11498846.0,860867.0,344720.0,30705.0,0.07486551259143744,0.08907229055465306
2020-04-23,11842618.0,890723.0,352317.0,29856.0,0.07521335231787431,0.08474186599000331
2020-04-24,12182425.0,920697.0,389977.0,29978.0,0.07557583978559276,0.07687120009641595
2020-04-25,12529822.0,946410.0,347397.0,25713.0,0.07553259735054496,0.07401618321401739
2020-04-26,12823694.0,964879.0,293876.0,18469.0,0.0752418920788347,0.06284623446623747
2020-04-27,13118583.0,985935.0,294889.0,21056.0,0.07515560179022383,0.07140313812994042
2020-04-28,13433207.0,1014766.0,314624.0,28831.0,0.07554160372872985,0.09163636594792514
2020-04-29,13750520.0,1044595.0,324588.0,29829.0,0.07596767249529472,0.09189803689600355
2020-04-30,14094766.0,1070307.0,344246.0,25712.0,0.07593648592676175,0.07469077345851513
2020-05-01,14460023.0,1093549.0,365257.0,23266.0,0.07562567500757088,0.06369761565144542
2020-05-02,14780534.0,1118647.0,321340.0,25098.0,0.07568380141069328,0.07810418870977781
2020-05-03,15083001.0,1134900.0,302531.0,16253.0,0.07524364680477048,0.0537234200792646
2020-05-04,15398272.0,1153391.0,315295.0,18491.0,0.07490392428449115,0.058646664235081435
2020-05-05,15723825.0,1179620.0,325553.0,26229.0,0.07502118600276968,0.08056752663928761
2020-05-06,16096822.0,1208233.0,372997.0,28613.0,0.07506034420955889,0.07671107274321241
2020-05-07,16459737.0,1232108.0,369247.0,23875.0,0.07485587406408742,0.06465861604833621
2020-05-08,16829362.0,1257105.0,375545.0,24997.0,0.0746971275559941,0.06656192999507382
2020-05-09,17173971.0,1276386.0,344609.0,19281.0,0.07432095931686387,0.05595036693760175
2020-05-10,17479766.0,1293180.0,305795.0,16794.0,0.07398153956980888,0.05491914517895976
2020-05-11,17790260.0,1309232.0,310722.0,16052.0,0.07359262877552099,0.05166032659419031
2020-05-12,18138231.0,1333824.0,348051.0,24622.0,0.07353660894494066,0.07074250612697565
2020-05-13,18480851.0,1356591.0,342624.0,22767.0,0.07340522360144562,0.06644893527598768
2020-05-14,18869797.0,1380327.0,388950.0,23736.0,0.0731500715137529,0.06102583879676051
2020-05-15,19260676.0,1404105.0,390879.0,23778.0,0.07290008928035548,0.060832124519352535
2020-05-16,19641651.0,1422900.0,380975.0,18795.0,0.0724429937177888,0.04933394579696831
2020-05-17,19958402.0,1438039.0,316751.0,15139.0,0.07205181056078538,0.04779463995378073
2020-05-18,20318708.0,1455082.0,360306.0,17048.0,0.07161291948287263,0.047315337518664694
2020-05-19,20706456.0,1475870.0,388584.0,21873.0,0.07127583783531088,0.056288987709221174
2020-05-20,21133051.0,1498128.0,426595.0,22258.0,0.07089028460679908,0.052175951429341644
2020-05-21,21560592.0,1518457.0,427957.0,20329.0,0.07042742611149082,0.04750243599240111
2020-05-22,21995500.0,1542363.0,434908.0,23906.0,0.07012175217658158,0.054967947244014825
2020-05-23,22417588.0,1560362.0,422088.0,17999.0,0.06960436600048141,0.0426427664373306
2020-05-24,22793365.0,1574477.0,377972.0,14515.0,0.06907611052602369,0.03840231551543501
2020-05-25,23148291.0,1578901.0,356786.0,14024.0,0.06820810227415924,0.039306475029849824
2020-05-26,23523760.0,1598141.0,375469.0,19240.0,0.06793731104211231,0.051242579280846086
2020-05-27,23937258.0,1619947.0,413498.0,21806.0,0.06767471027801096,0.052735442493071306
2020-05-28,24424172.0,1640527.0,486914.0,20580.0,0.06716817257919737,0.04226619074415605
2020-05-29,24915475.0,1661564.0,491303.0,21037.0,0.06668803223699328,0.042818790033848766
2020-05-30,25462564.0,1679083.0,547089.0,17519.0,0.06594320194934021,0.03202221210808479
2020-05-31,25877175.0,1691818.0,414611.0,12735.0,0.06537877492423343,0.030715538179160708
2020-06-01,26281000.0,1706540.0,403825.0,14736.0,0.06493436322818766,0.03649105429332013
2020-06-02,26775665.0,1728003.0,497900.0,21463.0,0.06453632430791167,0.04310704960835509
2020-06-03,27220904.0,1751014.0,461369.0,23011.0,0.06432607822282463,0.04987547928014236
2020-06-04,27781141.0,1773003.0,560237.0,21989.0,0.06382038088356415,0.039249460496182866
2020-06-05,28320416.0,1793867.0,539275.0,20864.0,0.06334183085446203,0.03868898057577303
2020-06-06,28842583.0,1810486.0,522167.0,16619.0,0.06277128508219947,0.03182698255538937
2020-06-07,29289605.0,1823125.0,447022.0,12639.0,0.06224477933382851,0.028273776234726704
2020-06-08,29704967.0,1840663.0,415362.0,17538.0,0.06196482224673066,0.042223409941207914
2020-06-09,30214067.0,1861401.0,509100.0,20738.0,0.06160709844192773,0.04073462973875466
2020-06-10,30766823.0,1883396.0,552756.0,21995.0,0.061215160239326626,0.03979151741455543
2020-06-11,31314724.0,1903913.0,547901.0,20527.0,0.06079929045518651,0.037464797472536095
2020-06-12,31829188.0,1923025.0,514464.0,19112.0,0.060417029802959474,0.0371493437830441
2020-06-13,32369048.0,1940846.0,539860.0,17826.0,0.059959934564649535,0.03301967176675434
2020-06-14,32899694.0,1955583.0,530646.0,14737.0,0.05944076561927901,0.027771810208689032
2020-06-15,33401793.0,1971651.0,502099.0,16068.0,0.0590282982712934,0.03200165704373042
2020-06-16,33982788.0,2000426.0,580995.0,28775.0,0.05886585879887195,0.04952710436406509
2020-06-17,34559988.0,2022605.0,577200.0,22179.0,0.058524470552478204,0.03842515592515593
2020-06-18,35136120.0,2044122.0,576132.0,21517.0,0.058177226170675646,0.037347344011441824
2020-06-19,35864939.0,2070835.0,729559.0,20818.0,0.05773981659358183,0.028535046514401165
2020-06-20,36612393.0,2088721.0,747454.0,17886.0,0.057049562425488004,0.023929231765433056
2020-06-21,36987470.0,2107131.0,454261.0,18415.0,0.056968778886471554,0.040538368911264666
2020-06-22,37559230.0,2122391.0,571764.0,15260.0,0.05650784108193911,0.026689333361316906
2020-06-23,38237198.0,2144963.0,677980.0,22572.0,0.05609623906019474,0.03329301749314139
2020-06-24,38927947.0,2166967.0,690749.0,22159.0,0.05566610024412538,0.03207967003933412
2020-06-25,39650342.0,2187441.0,722395.0,20474.0,0.05516827572382604,0.028341835145592093
2020-06-26,40425617.0,2207938.0,775275.0,20497.0,0.05461729872916968,0.026438360581729065
2020-06-27,41135429.0,2226764.0,709812.0,18826.0,0.054132509472552236,0.026522515821090654
2020-06-28,41811715.0,2241130.0,678331.0,14371.0,0.053600527985996266,0.021185822260813673
2020-06-29,42425102.0,2257290.0,613387.0,16160.0,0.05320647196086883,0.026345520853881806
2020-06-30,43164287.0,2278435.0,739185.0,21145.0,0.052785187903138533,0.028605829393183034
2020-07-01,44028642.0,2300090.0,864355.0,21655.0,0.05224076636295073,0.025053363490695375
2020-07-02,44851465.0,2322148.0,822823.0,22058.0,0.05177418396478242,0.026807709556004148
2020-07-03,45665729.0,2343237.0,814268.0,21089.0,0.051312812722205746,0.025899335353962088
2020-07-04,46427749.0,2362363.0,762020.0,19136.0,0.050882565941329616,0.025112201779480852
2020-07-05,47174033.0,2377604.0,746284.0,15261.0,0.05040069395805103,0.020449319561989806
2020-07-06,47849419.0,2394564.0,675386.0,16960.0,0.05004374243290185,0.025111565830502853
2020-07-07,48691362.0,2420228.0,841943.0,25664.0,0.049705489856701895,0.030481873475995406
2020-07-08,49556241.0,2442886.0,864879.0,22678.0,0.04929522398601621,0.026221008950384966
2020-07-09,50457349.0,2466220.0,901108.0,23334.0,0.048877320130314414,0.02589478730629403
2020-07-10,51395031.0,2489298.0,937682.0,23083.0,0.048434604504859625,0.02461708766938045
2020-07-11,52249950.0,2509771.0,854919.0,20473.0,0.048033940702335604,0.023947297931149032
2020-07-12,53023863.0,2526958.0,773913.0,17187.0,0.04765699549276521,0.022207922595950707
2020-07-13,53806149.0,2544545.0,782286.0,17587.0,0.04729097040563152,0.02248154766926674
2020-07-14,54694746.0,2568600.0,888597.0,24065.0,0.04696246326840973,0.02708201805767969
2020-07-15,55616455.0,2592369.0,921709.0,23769.0,0.046611546888416386,0.025787965616045846
2020-07-16,56602049.0,2617144.0,985594.0,24775.0,0.046237619419042586,0.025137125428929152
2020-07-17,57558273.0,2645223.0,956224.0,23851.0,0.045957303131732255,0.024942900408272538
2020-07-18,58503352.0,2671265.0,945079.0,26052.0,0.04566003329176763,0.027565949513215296
2020-07-19,59353180.0,2690864.0,849828.0,19599.0,0.04533647565303157,0.02306231378584843
2020-07-20,60194378.0,2706623.0,841198.0,15759.0,0.04496471414656033,0.018733996038982497
2020-07-21,61172857.0,2732143.0,978919.0,25590.0,0.04466266795418759,0.02614108010979458
2020-07-22,62280095.0,2761746.0,1107310.0,29603.0,0.044343959334037626,0.026734157552988774
2020-07-23,63407494.0,2788410.0,1127403.0,26664.0,0.04397603223366626,0.023650815192083043
2020-07-24,64550318.0,2814332.0,1142824.0,25922.0,0.04359904160348211,0.022682407789825904
2020-07-25,65555420.0,2838686.0,1005102.0,24354.0,0.04330207937040141,0.024230376618492453
2020-07-26,66406929.0,2856160.0,851509.0,17474.0,0.043009969637355164,0.02052121586501141
2020-07-27,67355677.0,2877315.0,948764.0,21245.0,0.04271822551794706,0.022392291444447723
2020-07-28,68420011.0,2905196.0,1064334.0,27881.0,0.04246120334590417,0.026195724274522846
2020-07-29,69510139.0,2931937.0,1090128.0,26741.0,0.0421799904615354,0.024530146918527
2020-07-30,70647286.0,2959030.0,1137147.0,27110.0,0.04188455307398504,0.023840365405703924
2020-07-31,71808575.0,2985494.0,1161289.0,26464.0,0.04157573103212256,0.022788470397980175
2020-08-01,72799485.0,3009568.0,990910.0,24074.0,0.04134051223027196,0.024294840096476977
2020-08-02,73726442.0,3028230.0,926957.0,18727.0,0.04107386600861601,0.02020266312245336
2020-08-03,74566050.0,3047554.0,839612.0,19324.0,0.040870530221193156,0.02301539282430456
2020-08-04,75640431.0,3076354.0,1074381.0,28815.0,0.04067076243920398,0.026820094547465007
2020-08-05,76751799.0,3106017.0,1111368.0,29663.0,0.04046832830589417,0.026690529149660597
2020-08-06,77911836.0,3133424.0,1160037.0,27407.0,0.04021756078242079,0.023625970550939325
2020-08-07,79056151.0,3160483.0,1144315.0,27079.0,0.03997769888898335,0.023663938688210852
2020-08-08,80124021.0,3184654.0,1067870.0,24171.0,0.03974655740255472,0.022634777641473213
2020-08-09,81061737.0,3205394.0,937724.0,20740.0,0.039542626627899674,0.02211738208684005
2020-08-10,82011918.0,3227004.0,950181.0,21610.0,0.03934798842285337,0.022743035274331944
2020-08-11,83087167.0,3253644.0,1075253.0,26640.0,0.03915940472491979,0.02477556444855304
2020-08-12,84200126.0,3281557.0,1112959.0,27923.0,0.038973302724036304,0.025088974526465035
2020-08-13,85378984.0,3308882.0,1178922.0,27325.0,0.03875522810156654,0.02317795409704798
2020-08-14,86624484.0,3335348.0,1245500.0,26470.0,0.03850352516962756,0.02125250903251706
2020-08-15,87631725.0,3359675.0,1007241.0,24327.0,0.03833856973601741,0.02415211453862581
2020-08-16,88479590.0,3378889.0,848075.0,19214.0,0.03818834377510113,0.022656015093004744
2020-08-17,89351696.0,3397483.0,872106.0,18594.0,0.0380237102606312,0.021320802746455134
2020-08-18,90404213.0,3425842.0,1052517.0,28359.0,0.03789471625619926,0.026943982852533497
2020-08-19,91531528.0,3451734.0,1127315.0,25896.0,0.03771087488018336,0.022971396637142236
2020-08-20,92638040.0,3477617.0,1106512.0,25883.0,0.03753983784631022,0.02339152218864323
2020-08-21,93706127.0,3500729.0,1068087.0,24884.0,0.03735859235757338,0.023297727619566572
2020-08-22,94773507.0,3524009.0,1067380.0,23280.0,0.037183482088512354,0.021810414285446608
2020-08-23,95595051.0,3541327.0,821544.0,17318.0,0.03704508719808099,0.021079820435667473
2020-08-24,96533543.0,3560742.0,938892.0,19415.0,0.03688605938766797,0.02067862970394891
2020-08-25,97533079.0,3587184.0,999536.0,26442.0,0.0367791526401007,0.026454274783499543
2020-08-26,98675300.0,3613394.0,1142221.0,26795.0,0.03661903232115839,0.023458682689251904
2020-08-27,99854520.0,3638378.0,1179220.0,24984.0,0.03643678823953087,0.021186886246841133
2020-08-28,101015323.0,3661777.0,1167543.0,23399.0,0.03624971827293964,0.020041231886106122
2020-08-29,102073054.0,3685071.0,1057731.0,23294.0,0.0361022900323919,0.02202261255460982
2020-08-30,102962924.0,3702187.0,889870.0,17116.0,0.035956506052605884,0.01923427017429512
2020-08-31,104051884.0,3720051.0,1088960.0,17864.0,0.03575188508840455,0.01640464296209227
2020-09-01,105140359.0,3746647.0,1088475.0,26636.0,0.0356347175873729,0.02447093410505524
2020-09-02,106291371.0,3772003.0,1151060.0,25368.0,0.03548738683594551,0.022038816395322573
2020-09-03,107458794.0,3796568.0,1167423.0,24565.0,0.03533045420182177,0.021042073010382696
2020-09-04,108693472.0,3820229.0,1234678.0,23765.0,0.03514681176069157,0.019247933469293207
2020-09-05,109808267.0,3840761.0,1114795.0,20532.0,0.03497697491209838,0.018417735996304252
2020-09-06,110738268.0,3857308.0,930001.0,16547.0,0.03483265604262476,0.017792453986608617
2020-09-07,111645471.0,3895930.0,939015.0,23214.0,0.034895548964991155,0.024721649813900737
2020-09-08,112656872.0,3916680.0,1011401.0,20750.0,0.03476645437128771,0.020516095989622316
2020-09-09,113824761.0,3941901.0,1167889.0,25221.0,0.03463131365591007,0.02159537421792653
2020-09-10,115075284.0,3966091.0,1250523.0,24314.0,0.03446518541722652,0.019443065021594964
2020-09-11,116373770.0,3990278.0,1298486.0,24187.0,0.034288465519334815,0.01862707799699034
2020-09-12,117553513.0,4010557.0,1179743.0,20279.0,0.034116862164723226,0.017189336999668573
2020-09-13,118563282.0,4026423.0,1009769.0,15866.0,0.03396011760200768,0.015712504543118278
2020-09-14,119673486.0,4045005.0,1110204.0,18582.0,0.03380034404613232,0.016737464465990035
2020-09-15,120826410.0,4071641.0,1152924.0,26636.0,0.03369827010502091,0.023102997248734523
2020-09-16,122081271.0,4095496.0,1254861.0,23855.0,0.033547291623462865,0.019010073625684437
2020-09-17,123383235.0,4118385.0,1301964.0,22889.0,0.03337880547547647,0.017580363205127025
2020-09-18,124733884.0,4142168.0,1350649.0,23783.0,0.03320804152943718,0.01760857187914847
2020-09-19,125936141.0,4163536.0,1202257.0,21368.0,0.033060692244015956,0.017773238167879245
2020-09-20,126980002.0,4179488.0,1043861.0,15952.0,0.03291453720405517,0.015281728122805623
2020-09-21,128067968.0,4197421.0,1087966.0,17933.0,0.03277494806507744,0.01648305186007651
2020-09-22,129243575.0,4222511.0,1175607.0,25090.0,0.032670954823092756,0.02134216621711167
2020-09-23,130531793.0,4248983.0,1288218.0,26472.0,0.03255132640367547,0.020549316963433206
2020-09-24,131861929.0,4272028.0,1330136.0,23045.0,0.03239773627155113,0.017325296059951763
2020-09-25,133231387.0,4296509.0,1369458.0,24481.0,0.032248474603060316,0.017876415340959708
2020-09-26,134408266.0,4318485.0,1176879.0,21976.0,0.03212960875486631,0.018673117627215713
2020-09-27,135422644.0,4333998.0,1014746.0,15513.0,0.03200349566354649,0.015287569500150776
2020-09-28,136522976.0,4350681.0,1100332.0,16683.0,0.03186775682358404,0.015161787533217248
2020-09-29,137681268.0,4375333.0,1158292.0,24652.0,0.03177870935935889,0.02128306161140714
2020-09-30,139034025.0,4401765.0,1352757.0,26432.0,0.03165962432577205,0.019539355553140732
2020-10-01,140358035.0,4437728.0,1324010.0,35963.0,0.03161719954258408,0.027162181554519983
2020-10-02,141726987.0,4460577.0,1368952.0,22874.0,0.03147302496453975,0.016709132241305758
2020-10-03,142959634.0,4479706.0,1232647.0,19129.0,0.03133546074971065,0.015518635911173272
2020-10-04,144034909.0,4495888.0,1075275.0,16182.0,0.03121387746355295,0.015049173467252564
2020-10-05,145328886.0,4524448.0,1293977.0,17404.0,0.031132475618095633,0.013450007225785312
2020-10-06,146644004.0,4548528.0,1315118.0,24080.0,0.031017483674272834,0.018310144032702768
2020-10-07,148103332.0,4572604.0,1459328.0,24091.0,0.03087441678894841,0.01650828326462591
2020-10-08,149611655.0,4598559.0,1508323.0,25967.0,0.03073663612637665,0.01721580855029062
2020-10-09,151132718.0,4623947.0,1521063.0,25388.0,0.03059527454538335,0.01669095888861934
2020-10-10,152630791.0,4643809.0,1498073.0,19862.0,0.03042511258426224,0.013258365914077619
2020-10-11,153841920.0,4660607.0,1211129.0,16803.0,0.030294779212323923,0.013873831771842636
2020-10-12,155070620.0,4677405.0,1228700.0,16798.0,0.030163063770558215,0.013671359973956214
2020-10-13,156419165.0,4699540.0,1348545.0,22135.0,0.030044528111373054,0.016413986926650574
2020-10-14,158034286.0,4725109.0,1615121.0,25573.0,0.029899265024046745,0.0158334886364551
2020-10-15,159773886.0,4750582.0,1739600.0,25473.0,0.02973315676881014,0.01464302138422626
2020-10-16,161527340.0,4776222.0,1753454.0,25640.0,0.029569124335236376,0.014622567800466965
2020-10-17,163122360.0,4799602.0,1595020.0,23380.0,0.029423323693943612,0.014658123409110858
2020-10-18,164539707.0,4815500.0,1417347.0,15898.0,0.029266491886970482,0.011216730976959065
2020-10-19,166144295.0,4835113.0,1604588.0,19613.0,0.02910189001674719,0.012223075331486961
2020-10-20,167807985.0,4862849.0,1663690.0,27736.0,0.02897865080734984,0.016671375075885533
2020-10-21,169700515.0,4891334.0,1892530.0,28485.0,0.028823330324012277,0.01505128056094223
2020-10-22,171795557.0,4916033.0,2095042.0,24699.0,0.028615600344076418,0.011789262458700113
2020-10-23,173942733.0,4945715.0,2147176.0,29682.0,0.028433007316264254,0.01382373871541038
2020-10-24,175930064.0,4970153.0,1987331.0,24438.0,0.028250731495215054,0.01229689467934632
2020-10-25,177473445.0,4987805.0,1543381.0,17757.0,0.028104514452852367,0.01150526020470642
2020-10-26,179619372.0,5011683.0,2145927.0,23878.0,0.027901684234816277,0.011127125946036374
2020-10-27,181656797.0,5043471.0,2037425.0,31788.0,0.02776373404844301,0.015602046701105562
2020-10-28,183930648.0,5073771.0,2273851.0,30330.0,0.027585239627927586,0.013338604860212917
2020-10-29,186350355.0,5104282.0,2419707.0,30511.0,0.027390782271383383,0.012609377912284421
2020-10-30,188868412.0,5137052.0,2518057.0,32770.0,0.027199106222166997,0.01301400246301017
2020-10-31,190939399.0,5165075.0,2070987.0,28023.0,0.027050860257499816,0.01353122931240032
2020-11-01,192854763.0,5186808.0,1915364.0,21733.0,0.026894891882965836,0.011346668309522367
2020-11-02,195298030.0,5213021.0,2443267.0,26213.0,0.0266926450819806,0.010728667804214604
2020-11-03,197774247.0,5254640.0,2476217.0,41629.0,0.0265688788085741,0.016811531461095694
2020-11-04,199879947.0,5298491.0,2337995.0,44026.0,0.026508367044944234,0.018830664736237675
2020-11-05,202592234.0,5335756.0,2712291.0,37265.0,0.02633741627035911,0.01373930747106413
2020-11-06,205321828.0,5375621.0,2729594.0,39865.0,0.026181439413251278,0.01460473608895682
2020-11-07,207967816.0,5408841.0,2645988.0,33220.0,0.02600806751752396,0.012554856635782173
2020-11-08,210087983.0,5434876.0,2120167.0,26039.0,0.02586952343675935,0.012281579705749595
2020-11-09,212290455.0,5466385.0,2202472.0,31509.0,0.025749556191775085,0.014306197763240576
2020-11-10,214738291.0,5509439.0,2447836.0,43054.0,0.025656528113097446,0.0175885966216691
2020-11-11,217453744.0,5555278.0,2715453.0,45839.0,0.025546941146251313,0.016880793002125243
2020-11-12,220226083.0,5597321.0,2772339.0,42043.0,0.025416249173355183,0.015165172801738893
2020-11-13,223083271.0,5640078.0,2857188.0,42757.0,0.02528238883497454,0.01496471355752579
2020-11-14,225607368.0,5679196.0,2524097.0,39118.0,0.025172918997929183,0.015497819616282575
2020-11-15,227712995.0,5707804.0,2105627.0,28608.0,0.025065780721034388,0.013586451921446675
2020-11-16,229959264.0,5741648.0,2246269.0,33844.0,0.024968109134320415,0.015066761817039722
2020-11-17,232553974.0,5790071.0,2594710.0,48423.0,0.024897751263541084,0.018662201170843756
2020-11-18,235224430.0,5839738.0,2670456.0,49667.0,0.024826239349373704,0.01859869625262502
2020-11-19,238029309.0,5887529.0,2804879.0,47791.0,0.024734470829388493,0.017038524656500333
2020-11-20,240919138.0,5938843.0,2889829.0,51314.0,0.02465077307390997,0.017756760002062406
2020-11-21,243454091.0,5978217.0,2534953.0,39374.0,0.02455582888520859,0.01553243787951887
2020-11-22,245564265.0,6010245.0,2110174.0,32028.0,0.024475242763844322,0.015177895282569116
2020-11-23,247797080.0,6046530.0,2232815.0,36285.0,0.024401134993196853,0.016250786563150103
2020-11-24,250320091.0,6101507.0,2523011.0,54977.0,0.024374819358786506,0.021790233970442458
2020-11-25,252935453.0,6154007.0,2615362.0,52500.0,0.024330345655419052,0.02007370299025527
2020-11-26,255470614.0,6201832.0,2535161.0,47825.0,0.0242761071533652,0.018864679600230517
2020-11-27,258403878.0,6252289.0,2933264.0,50457.0,0.024195801736381063,0.017201656584610182
2020-11-28,260964621.0,6293198.0,2560743.0,40909.0,0.024115138580413167,0.01597544150272011
2020-11-29,263046241.0,6324600.0,2081620.0,31402.0,0.024043681354108382,0.01508536620516713
2020-11-30,265146225.0,6362392.0,2099984.0,37792.0,0.02399578572163341,0.01799632759106736
2020-12-01,267721235.0,6417249.0,2575010.0,54857.0,0.02396989166735317,0.02130360658793558
2020-12-02,270412405.0,6471664.0,2691170.0,54415.0,0.02393257069696932,0.020219830036749816
2020-12-03,273324263.0,6526158.0,2911858.0,54494.0,0.023876980142081276,0.018714511490601535
2020-12-04,276257453.0,6579771.0,2933190.0,53613.0,0.02381753298796974,0.018278052223006352
2020-12-05,278958341.0,6624958.0,2700888.0,45187.0,0.023748915254697474,0.016730423475538415
2020-12-06,281234967.0,6658458.0,2276626.0,33500.0,0.0236757828197089,0.014714757716023624
2020-12-07,283452948.0,6694638.0,2217981.0,36180.0,0.023618163251560183,0.016312132520522042
2020-12-08,286092257.0,6746908.0,2639309.0,52280.0,0.023582980087433824,0.019808214953232078
2020-12-09,288893479.0,6801723.0,2801222.0,54815.0,0.023544051681415764,0.019568245572825004
2020-12-10,295027907.0,6855316.0,2841534.0,53593.0,0.023236161181186158,0.01886058727433844
2020-12-11,298014639.0,6912087.0,2986732.0,56771.0,0.02319378344363815,0.01900773152730141
2020-12-12,300751333.0,6958724.0,2736694.0,46637.0,0.02313779935931323,0.017041364507687014
2020-12-13,303016389.0,6992716.0,2265056.0,33992.0,0.02307702241148415,0.015007134481443285
2020-12-14,305312924.0,7030622.0,2296535.0,37906.0,0.023027593813879952,0.016505735815043096
2020-12-15,308032880.0,7088256.0,2719956.0,57634.0,0.023011361644250446,0.02118931335653959
2020-12-16,311067174.0,7149007.0,3034430.0,60751.0,0.02298219676499842,0.020020563993896713
2020-12-17,314185219.0,7206043.0,3118045.0,57036.0,0.022935652488476867,0.018292231189735875
2020-12-18,317237377.0,7262264.0,3052158.0,56221.0,0.022892207938032472,0.018420081791309623
2020-12-19,319919864.0,7310558.0,2682487.0,48294.0,0.02285121626583337,0.018003442327959092
2020-12-20,322215590.0,7345562.0,2295726.0,35004.0,0.022797040950129074,0.015247464200867176
2020-12-21,324495021.0,7384382.0,2279431.0,38820.0,0.02275653406712826,0.017030565961417565
2020-12-22,327241813.0,7444197.0,2746792.0,59815.0,0.022748306311333143,0.02177631214886311
2020-12-23,330125090.0,7503957.0,2883277.0,59760.0,0.022730647343405495,0.020726416504553674
2020-12-24,333071058.0,7556002.0,2945968.0,52045.0,0.022685855821192365,0.017666519120370622
2020-12-25,335268233.0,7593713.0,2197175.0,37711.0,0.022649664515039216,0.017163403006132876
2020-12-26,337355362.0,7625030.0,2087129.0,31317.0,0.022602367885292424,0.01500482241394758
2020-12-27,339068361.0,7657739.0,1712999.0,32709.0,0.022584646286121637,0.019094582075062507
2020-12-28,341141252.0,7696625.0,2072891.0,38930.0,0.02256140221939503,0.018780534046411508
2020-12-29,343970549.0,7760485.0,2829297.0,63860.0,0.022561480983071026,0.02257097787895721
2020-12-30,347050531.0,7827842.0,3079982.0,67357.0,0.022555337914178266,0.021869283651657703
2020-12-31,350592476.0,7886235.0,3541945.0,58393.0,0.022494022375996455,0.01648613967749358
2021-01-01,353083858.0,7928552.0,2491382.0,42317.0,0.022455152849270157,0.016985351905087216
2021-01-02,355472022.0,7963976.0,2388164.0,35424.0,0.02240394604107549,0.014833152162079321
2021-01-03,357630323.0,7996215.0,2158301.0,32239.0,0.02235888426049376,0.01493721218680805
2021-01-04,359954561.0,8036215.0,2324238.0,40000.0,0.022325637373990657,0.01720994149480389
2021-01-05,363095469.0,8102492.0,3140908.0,66277.0,0.022315045743520417,0.021101222958456598
2021-01-06,366425240.0,8166009.0,3329771.0,63517.0,0.02228560729058948,0.019075485971858125
2021-01-07,370113690.0,8229785.0,3688454.0,63776.0,0.02223582975274435,0.017290713128047686
2021-01-08,373643325.0,8296130.0,3529635.0,66345.0,0.022203340578879602,0.018796561117509318
2021-01-09,376814434.0,8352624.0,3171109.0,56494.0,0.022166412022316534,0.017815218587566684
2021-01-10,379330101.0,8390376.0,2515667.0,37752.0,0.02211893012940726,0.015006755663607306
2021-01-11,381914119.0,8431132.0,2584018.0,40756.0,0.02207598928805248,0.015772335951220153
2021-01-12,384825130.0,8503246.0,2911011.0,72114.0,0.02209638959908881,0.02477283665365744
2021-01-13,387973193.0,8574125.0,3148063.0,70879.0,0.022099787188131836,0.022515114849988707
2021-01-14,391189998.0,8640519.0,3216805.0,66394.0,0.02208778098667032,0.020639734146148118
2021-01-15,394490621.0,8707196.0,3300623.0,66677.0,0.02207199749876943,0.020201337747449498
2021-01-16,397234967.0,8765911.0,2744346.0,58715.0,0.022067319667757244,0.02139489699913932
2021-01-17,399430919.0,8804149.0,2195952.0,38238.0,0.022041731326262203,0.017412948916916218
2021-01-18,401631759.0,8844957.0,2200844.0,40808.0,0.022022553749291525,0.018541977532255807
2021-01-19,404143972.0,8912641.0,2512213.0,67684.0,0.02205313357983229,0.026941983024528573
2021-01-20,407056029.0,8989693.0,2912057.0,77056.0,0.022084657539859213,0.026461020508870534
2021-01-21,409897992.0,9062783.0,2841963.0,73090.0,0.022109849711095926,0.02571813918759674
2021-01-22,412713498.0,9131051.0,2815506.0,68268.0,0.022124430250643267,0.0242471513113451
2021-01-23,415133513.0,9192595.0,2420015.0,61544.0,0.02214370729447709,0.025431247326979378
2021-01-24,417068972.0,9230841.0,1935459.0,38246.0,0.022132648601824064,0.0197606872581646
2021-01-25,419136330.0,9275123.0,2067358.0,44282.0,0.02212913158828298,0.02141960898886405
2021-01-26,421513055.0,9350831.0,2376725.0,75844.0,0.022183965334122334,0.03191113822592012
2021-01-27,424078583.0,9424602.0,2565528.0,73771.0,0.02222371602293342,0.028754704684571752
2021-01-28,426691375.0,9494714.0,2612792.0,70112.0,0.022251947323753615,0.026834129926913433
2021-01-29,429193692.0,9562002.0,2502325.0,67288.0,0.0222789900649332,0.026890192121327167
2021-01-30,431354502.0,9618627.0,2160810.0,56625.0,0.022298659120057126,0.02620545073375262
2021-01-31,433022819.0,9656793.0,1668317.0,38166.0,0.022300887104058136,0.02287694724683618
2021-02-01,434918578.0,9697962.0,1895759.0,41169.0,0.02229833925374418,0.021716367956053487
2021-02-02,436898026.0,9763720.0,1979448.0,65758.0,0.022347823562837522,0.0332203725483064
2021-02-03,439138716.0,9832507.0,2240690.0,68787.0,0.02239043528104682,0.030699025746533434
2021-02-04,441138354.0,9887497.0,1999638.0,54990.0,0.02241359634759847,0.027499977495926763
2021-02-05,443437878.0,9960964.0,2299524.0,73467.0,0.02246304272635907,0.031948785922651816
2021-02-06,445270744.0,10010883.0,1832866.0,49919.0,0.022482687521909142,0.027235488028039146
2021-02-07,446751732.0,10041822.0,1480988.0,30939.0,0.02247741033939629,0.020890783720057152
2021-02-08,448196103.0,10080762.0,1444375.0,39288.0,0.022491855534942033,0.027200692340977932
2021-02-09,449918812.0,10144835.0,1722709.0,64073.0,0.022548145864147596,0.037193164951248296
2021-02-10,451798427.0,10205060.0,1879615.0,60225.0,0.022587639509422195,0.03204113608371927
2021-02-11,453693533.0,10263895.0,1895106.0,58835.0,0.02262296958947396,0.03104575680727094
2021-02-12,455522874.0,10319102.0,1829341.0,55207.0,0.022653312465709462,0.030178627166832207
2021-02-13,457131373.0,10364176.0,1608499.0,45074.0,0.022672204561203897,0.02802239852185174
2021-02-14,458432588.0,10392390.0,1301215.0,28214.0,0.02266939626901044,0.02168281183355556
2021-02-15,459622740.0,10424140.0,1190152.0,31750.0,0.022679774286189582,0.026677264752737465
2021-02-16,461151136.0,10472592.0,1528396.0,48452.0,0.022709674079605866,0.031701208325591014
2021-02-17,462807862.0,10521832.0,1656726.0,49240.0,0.022734773680227586,0.029721269540044642
2021-02-18,464569519.0,10572174.0,1761657.0,50346.0,0.022756925643242644,0.02857877555051863
2021-02-19,466325766.0,10621841.0,1756247.0,49667.0,0.022777727019270045,0.028280190656553433
2021-02-20,467925559.0,10660028.0,1599793.0,38187.0,0.022781461270851417,0.02386996317648596
2021-02-21,469286208.0,10687460.0,1360649.0,27432.0,0.022773863407466687,0.020160967303103152
2021-02-22,470533434.0,10717301.0,1247226.0,29841.0,0.022776917059628116,0.023925896349178095
2021-02-23,472209245.0,10766876.0,1675811.0,49575.0,0.02280106989434313,0.029582691604244152
2021-02-24,474122674.0,10819688.0,1913429.0,52812.0,0.022820439926903812,0.027600710556806653
2021-02-25,476070011.0,10865458.0,1947337.0,45770.0,0.022823235551377757,0.02350389275199927
2021-02-26,477967841.0,10910374.0,1897830.0,44916.0,0.022826585941793518,0.023667030239800192
2021-02-27,479674123.0,10947011.0,1706282.0,36637.0,0.022821766851909165,0.021471831737075113
2021-02-28,481003415.0,10973556.0,1329292.0,26545.0,0.022813883764214022,0.019969276878217878
2021-03-01,482296132.0,11004926.0,1292717.0,31370.0,0.022817777854374333,0.02426671885648599
2021-03-02,483584088.0,11048874.0,1659691.0,43948.0,0.02284788576418172,0.026479627834337837
2021-03-03,485491246.0,11098786.0,1907158.0,49912.0,0.022860939494674225,0.026170878343587684
2021-03-04,487465443.0,11143058.0,1974197.0,44276.0,0.022859175270809915,0.022427346409704806
2021-03-05,489404914.0,11187672.0,1939471.0,44614.0,0.02285974594852556,0.023003179733030295
2021-03-06,491185224.0,11222549.0,1780310.0,34877.0,0.022847896173684573,0.01959040841201813
2021-03-07,492784156.0,11247481.0,1598932.0,24932.0,0.02282435598436732,0.015592908266267734
2021-03-08,494071990.0,11277409.0,1287834.0,29928.0,0.022825436835631988,0.023239019935799177
2021-03-09,495851115.0,11322311.0,1779125.0,44902.0,0.022834094060673837,0.025238249139324105
2021-03-10,497835786.0,11365624.0,1984671.0,43313.0,0.022830066298207014,0.021823768271920133
2021-03-11,499956822.0,11408990.0,2121036.0,43366.0,0.022819950639657437,0.02044566900326067
2021-03-12,502065777.0,11450877.0,2108955.0,41887.0,0.02280752348511498,0.019861495385155206
2021-03-13,504038994.0,11487145.0,1973217.0,36272.0,0.02279019110969815,0.018382164759375173
2021-03-14,505619055.0,11511638.0,1580061.0,24505.0,0.02276741330486447,0.015508894909753485
2021-03-15,507116827.0,11543313.0,1497772.0,31675.0,0.022762630592023325,0.02114807861276616
2021-03-16,509121537.0,11588465.0,2004710.0,45152.0,0.022761686862207912,0.022522958432890542
2021-03-17,511477042.0,11633494.0,2355505.0,45029.0,0.02274489966257371,0.01911649518892976
2021-03-18,513848027.0,11678687.0,2370985.0,45197.0,0.02272790083127049,0.01906254151755494
2021-03-19,516272889.0,11724369.0,2424862.0,45682.0,0.022709635252607656,0.018839010219963034
2021-03-20,518425185.0,11761477.0,2152296.0,37108.0,0.022686932155890537,0.01724112296821627
2021-03-21,520324611.0,11796665.0,1899426.0,35188.0,0.022671741352630347,0.018525596680260246
2021-03-22,522117682.0,11830436.0,1804141.0,33771.0,0.02265856225110568,0.0187186034794398
2021-03-23,524275870.0,11879301.0,2158188.0,48865.0,0.022658492751154082,0.022641679038156084
2021-03-24,526995809.0,11924623.0,2729944.0,45322.0,0.022627548068413578,0.016601805751326765
2021-03-25,529810967.0,11973948.0,2815158.0,49325.0,0.02260041551763499,0.01752121905768699
2021-03-26,532571680.0,12028568.0,2760713.0,54620.0,0.022585819809269617,0.01978474401359359
2021-03-27,535087577.0,12071455.0,2515897.0,42887.0,0.022559774360076387,0.017046405317864763
2021-03-28,537202164.0,12101874.0,2114587.0,30419.0,0.022527597264109307,0.014385314957483424
2021-03-29,539138678.0,12138225.0,1936514.0,36351.0,0.02251410535973455,0.018771359256891506
2021-03-30,541536223.0,12188722.0,2397545.0,50517.0,0.02250767627782491,0.02107030316427846
2021-03-31,544445044.0,12243301.0,2908821.0,54579.0,0.022487670950311744,0.018763272129842298
2021-04-01,547491102.0,12295181.0,3046058.0,51880.0,0.02245731657571304,0.017031849032421574
2021-04-02,550246288.0,12340306.0,2755186.0,45125.0,0.02242687732588575,0.016378204593083735
2021-04-03,552534657.0,12379862.0,2288369.0,39556.0,0.02240558459665997,0.017285673770270443
2021-04-04,554941092.0,12410944.0,2406435.0,31082.0,0.022364435034484705,0.012916201767344641
2021-04-05,557000837.0,12445543.0,2059745.0,34599.0,0.02234384972746459,0.01679771039618982
2021-04-06,559516623.0,12497207.0,2515786.0,51664.0,0.02233572066723029,0.0205359279366369
2021-04-07,562278087.0,12562206.0,2761464.0,64999.0,0.022341624705712566,0.023537877010165624
2021-04-08,565855208.0,12622878.0,3577121.0,60672.0,0.0223076112431928,0.016961126000490337
2021-04-09,568986525.0,12683788.0,3150757.0,60910.0,0.022291895225462502,0.019331862152492243
2021-04-10,571788173.0,12738358.0,2801648.0,54570.0,0.022278106826109534,0.019477821624986437
2021-04-11,574829518.0,12776345.0,3041345.0,37987.0,0.02222632032615973,0.012490197593498929
2021-04-12,577375250.0,12817981.0,2545732.0,41636.0,0.022200433773356235,0.016355217281316337
2021-04-13,580572684.0,12876294.0,3197434.0,58317.0,0.022178608044880043,0.018238687647657466
2021-04-14,583991616.0,12935816.0,3418932.0,59522.0,0.022150687861929853,0.01740953022756814
2021-04-15,587440816.0,12993290.0,3449200.0,57474.0,0.022118466483949592,0.016662994317522904
2021-04-16,591037270.0,13049533.0,3596454.0,56243.0,0.02207903572646104,0.015638459438102086
2021-04-17,594342349.0,13102084.0,3305291.0,52555.0,0.022044675130494528,0.015900264152233494
2021-04-18,597245029.0,13139924.0,2902680.0,37840.0,0.022000893037152428,0.013036228588752464
2021-04-19,600084494.0,13186372.0,2839465.0,46448.0,0.02197419218767549,0.01635801110420449
2021-04-20,603572142.0,13246407.0,3487648.0,60035.0,0.021946683881245134,0.017213606418996413
2021-04-21,607284680.0,13308277.0,3712538.0,61870.0,0.02191439606215655,0.016665149286014043
2021-04-22,611033624.0,13366300.0,3748944.0,58023.0,0.021874900946531217,0.015477158367796371
2021-04-23,614805856.0,13429945.0,3772264.0,63645.0,0.021844204750060155,0.01687183081565871
2021-04-24,618218717.0,13484517.0,3412861.0,54572.0,0.021811887329189355,0.01599010331800797
2021-04-25,621221860.0,13528839.0,3003143.0,44322.0,0.021777789661168716,0.014758537971718296
2021-04-26,624043061.0,13576911.0,2821201.0,48072.0,0.021756368828528647,0.01703955159522487
2021-04-27,627513631.0,13639510.0,3470570.0,62599.0,0.021735798755899854,0.018037094771175915
2021-04-28,631235482.0,13705936.0,3721851.0,66426.0,0.021712873231672994,0.017847571007007
2021-04-29,634939738.0,13771172.0,3704256.0,65236.0,0.021688943337170686,0.01761109383368752
2021-04-30,638619763.0,13830964.0,3680025.0,59792.0,0.021657588445160598,0.016247715708453066
2021-05-01,641891607.0,13884795.0,3271844.0,53831.0,0.021631058653178496,0.0164528015394377
2021-05-02,644703572.0,13926946.0,2811965.0,42151.0,0.02160209219377491,0.014989873629294817
2021-05-03,647517556.0,13974884.0,2813984.0,47938.0,0.021582247261879645,0.017035633464866893
2021-05-04,650747604.0,14033089.0,3230048.0,58205.0,0.02156456499223622,0.018019856051674773
2021-05-05,654218655.0,14094772.0,3471051.0,61683.0,0.02154443608765635,0.017770698269774773
2021-05-06,657816213.0,14155179.0,3597558.0,60407.0,0.0215184404401416,0.016791112193326695
2021-05-07,661253187.0,14215156.0,3436974.0,59992.0,0.02149729676841618,0.017454889097211674
2021-05-08,664486282.0,14269952.0,3233095.0,54796.0,0.021475164178031896,0.016948465788973105
2021-05-09,667136296.0,14312572.0,2650018.0,42620.0,0.02145374503803043,0.016082909625519524
2021-05-10,669684179.0,14358024.0,2547883.0,45452.0,0.02143999283578715,0.017839123696025288
2021-05-11,672667125.0,14416671.0,2983014.0,58647.0,0.021432102839870463,0.01966031671323031
2021-05-12,675825335.0,14474982.0,3158210.0,58311.0,0.02141822931216392,0.018463306746543135
2021-05-13,678843478.0,14530315.0,3018143.0,55333.0,0.021404514399709678,0.018333458686351178
2021-05-14,681747241.0,14583682.0,2903763.0,53367.0,0.021391625991193413,0.018378566019334224
2021-05-15,684326103.0,14633858.0,2578862.0,50176.0,0.021384334070915896,0.019456644054625646
2021-05-16,686555958.0,14675522.0,2229855.0,41664.0,0.021375565718999994,0.01868462299118104
2021-05-17,688765957.0,14721614.0,2209999.0,46092.0,0.021373899000644132,0.02085611803444255
2021-05-18,691304326.0,14779342.0,2547825.0,57728.0,0.021378923064919456,0.022657757106551667
2021-05-19,694065180.0,14834611.0,2760854.0,55269.0,0.021373512787372505,0.02001880577531445
2021-05-20,694892256.0,14888504.0,2571306.0,53893.0,0.021425629471973854,0.020959387953047984
2021-05-21,697450878.0,14941475.0,2558622.0,52971.0,0.02142297826457106,0.020702940879895507
2021-05-22,699782233.0,14988069.0,2331355.0,46594.0,0.02141819025005169,0.01998580224804888
2021-05-23,701740278.0,15027875.0,1958045.0,39806.0,0.021415152402011618,0.020329461273872664
2021-05-24,703570528.0,15064902.0,1830254.0,37027.0,0.02141207085922735,0.020230525380630228
2021-05-25,705740648.0,15117759.0,2170120.0,52857.0,0.02142112551238511,0.02435671760087
2021-05-26,708057006.0,15170103.0,2316358.0,52344.0,0.02142497407899386,0.022597543212232306
2021-05-27,710293271.0,15222816.0,2236265.0,52713.0,0.021431733372003183,0.023571893313180683
2021-05-28,712358553.0,15271634.0,2065282.0,48818.0,0.021438128223049496,0.02363744999472227
2021-05-29,714314018.0,15315502.0,1955465.0,43868.0,0.021440853201903705,0.02243353882580358
2021-05-30,715899009.0,15349378.0,1584991.0,33876.0,0.021440702958145874,0.021372992023298554
2021-05-31,717468116.0,15384539.0,1569107.0,35161.0,0.021442819070164786,0.022408287006558506
2021-06-01,719338347.0,15446111.0,1870231.0,44484.0,0.021472664517911487,0.023785297110356957
2021-06-02,721315503.0,15494435.0,1977156.0,48324.0,0.0214808013075521,0.024441167009583462
2021-06-03,723285718.0,15535811.0,1970215.0,41392.0,0.021479493668088715,0.02100887466596285
2021-06-04,725015250.0,15579080.0,1729532.0,43269.0,0.0214879342193147,0.02501775046660021
2021-06-05,726623057.0,15617194.0,1607807.0,38114.0,0.021492841232534685,0.02370558157788839
2021-06-06,727932625.0,15646662.0,1309568.0,29468.0,0.021494656871575167,0.022502077020819078
2021-06-07,729237888.0,15679271.0,1305263.0,32613.0,0.02150090012876566,0.02498576915150433
2021-06-08,730744572.0,15722806.0,1506684.0,43535.0,0.021516144768571745,0.028894579088913137
2021-06-09,732444288.0,15764128.0,1699716.0,41322.0,0.02152263081065901,0.02431112021067049
2021-06-10,734290191.0,15828734.0,1845903.0,35110.0,0.02155651021082481,0.019020501077250538
2021-06-11,735999662.0,15876273.0,1709471.0,47539.0,0.021571033004088528,0.027809187754574367
2021-06-12,737487683.0,15915941.0,1488021.0,39668.0,0.02158129737876585,0.026658225925574975
2021-06-13,738709818.0,15953166.0,1222135.0,37225.0,0.02159598479845844,0.0304589918462363
2021-06-14,739961931.0,15985330.0,1252113.0,32172.0,0.02160290865017487,0.025694166580811795
2021-06-15,741476846.0,16028867.0,1514915.0,43537.0,0.02161748824183783,0.028738906143248963
2021-06-16,743048552.0,16069627.0,1571706.0,40760.0,0.021626617744892666,0.02593360335838891
2021-06-17,744648034.0,16107385.0,1599482.0,37762.0,0.021630870242786406,0.023608893379231527
2021-06-18,746275768.0,16144623.0,1627734.0,37238.0,0.021633588670937523,0.02287720229472383
2021-06-19,747679464.0,16177623.0,1403696.0,33000.0,0.021637110257718674,0.023509363850862296
2021-06-20,748900315.0,16204666.0,1220851.0,27043.0,0.021637947902318613,0.022150942252576276
2021-06-21,750098460.0,16232844.0,1198145.0,28178.0,0.021640950975955878,0.02351802160840299
2021-06-22,751754574.0,16268929.0,1656114.0,36085.0,0.021641277037311384,0.02178895897263111
2021-06-23,753357609.0,16306852.0,1603035.0,37923.0,0.0216455662028098,0.023657000626935782
2021-06-24,755008522.0,16341855.0,1650913.0,35003.0,0.021644596748008626,0.02120220750578619
2021-06-25,756693903.0,16379182.0,1685381.0,37327.0,0.021645716894325234,0.02214751441958821
2021-06-26,758154466.0,16409701.0,1460563.0,30524.0,0.021644271366727003,0.020898790397949285
2021-06-27,759405228.0,16434158.0,1250762.0,24457.0,0.021640828103437815,0.01955368007662529
2021-06-28,760753238.0,16460549.0,1348010.0,26391.0,0.021637172446711296,0.019577747939555346
2021-06-29,762297444.0,16493669.0,1544206.0,33125.0,0.021636789064191066,0.02145115353780519
2021-06-30,763913895.0,16530871.0,1616566.0,37210.0,0.02163970456382391,0.023017928126658607
2021-07-01,765682105.0,16565324.0,1768210.0,34453.0,0.021634727900556067,0.01948467659384349
2021-07-02,767476315.0,16598971.0,1794210.0,33647.0,0.021627991216901593,0.018753100250249413
2021-07-03,768986572.0,16626768.0,1510257.0,27797.0,0.021621662335086913,0.018405476683769715
2021-07-04,770309778.0,16653286.0,1323206.0,26522.0,0.02161894665706814,0.020043742244215942
2021-07-05,771859437.0,16682939.0,1549659.0,29653.0,0.02161396000396378,0.0191351774809813
2021-07-06,773693487.0,16717107.0,1834050.0,34168.0,0.021606886035477252,0.01862980834764592
2021-07-07,775593403.0,16751514.0,1899916.0,34412.0,0.02159831934516854,0.01811237970520802
2021-07-08,777562288.0,16787395.0,1968885.0,35881.0,0.021589775197533755,0.018224020194170812
2021-07-09,779667299.0,16821054.0,2105011.0,33659.0,0.021574656294517748,0.015989940195086868
2021-07-10,781380799.0,16847568.0,1713500.0,29274.0,0.021561277192325787,0.017084330318062446
2021-07-11,782884748.0,16878053.0,1503949.0,30485.0,0.02155879654459688,0.020269969260925735
2021-07-12,784668718.0,16910414.0,1783970.0,32361.0,0.02155102352378982,0.018139879033840255
2021-07-13,786848844.0,16944130.0,2180126.0,33716.0,0.02153416139479008,0.01546516118793134
2021-07-14,789057955.0,16978686.0,2209111.0,34571.0,0.021517666595224937,0.015649281543571147
2021-07-15,791431381.0,17013329.0,2373426.0,34643.0,0.02149690978705329,0.01459619975512192
2021-07-16,793886088.0,17048422.0,2454707.0,35093.0,0.02147464511306564,0.014296207245915704
2021-07-17,795885491.0,17078568.0,1999403.0,30146.0,0.021458574371724538,0.015077500633939232
2021-07-18,797605528.0,17104768.0,1720037.0,26200.0,0.02144514725579986,0.01523223046946083
2021-07-19,799637427.0,17133411.0,2031899.0,28643.0,0.021426474576458264,0.01409666523778987
2021-07-20,801839417.0,17216479.0,2201990.0,47924.0,0.021471230566855508,0.021763949881697917
2021-07-21,804140846.0,17251244.0,2301429.0,34765.0,0.021453012971312243,0.015105832072160383
2021-07-22,806482901.0,17286488.0,2342055.0,35244.0,0.021434413523914255,0.015048322947155383
2021-07-23,809471510.0,17319920.0,2988609.0,33432.0,0.021396577626308307,0.011186475045748708
2021-07-24,811253646.0,17354809.0,2019636.0,34901.0,0.02139258058878419,0.01728083674483917
2021-07-25,813072320.0,17384180.0,1818674.0,29371.0,0.021380853304660524,0.016149678282089037
2021-07-26,815312264.0,17417987.0,2239944.0,33807.0,0.02136357782053429,0.015092788033986565
2021-07-27,817816503.0,17457563.0,2504239.0,39580.0,0.021346552601910505,0.015805200701690215
2021-07-28,820500013.0,17498399.0,2683510.0,40836.0,0.021326506670024878,0.015217383203341891
2021-07-29,823151287.0,17539611.0,2651274.0,41212.0,0.02130788261769431,0.015544225153643116
2021-07-30,826157084.0,17578031.0,3005797.0,38425.0,0.02127686288773625,0.012783631096843865
2021-07-31,828278718.0,17613516.0,2121634.0,35485.0,0.021265204112125936,0.016725316430637894
2021-08-01,830253251.0,17643045.0,1974533.0,29529.0,0.02125019682699201,0.014954928583113071
2021-08-02,832605843.0,17675498.0,2352592.0,32453.0,0.021229130384567814,0.013794572114501791
2021-08-03,835213042.0,17717427.0,2607199.0,41929.0,0.021213063145630335,0.016082009850418015
2021-08-04,838014606.0,17759668.0,2801564.0,42271.0,0.02119255186346955,0.015088357788720872
2021-08-05,840832353.0,17803738.0,2817747.0,44075.0,0.021173945003992965,0.015641929527384822
2021-08-06,844185388.0,17845791.0,3353035.0,42073.0,0.02113965872150348,0.012547736602809096
2021-08-07,846489991.0,17880592.0,2304603.0,34825.0,0.021123217273811806,0.01511106251271911
2021-08-08,848410737.0,17910442.0,1920746.0,29850.0,0.021110579132145046,0.01554083673739266
2021-08-09,850934064.0,17945773.0,2523327.0,35331.0,0.021089498892125677,0.014001752448255815
2021-08-10,853589532.0,17992449.0,2655468.0,46676.0,0.021078572692711982,0.01757731593828282
2021-08-11,856594448.0,18034814.0,3004916.0,42365.0,0.02105408696274903,0.014098563820086818
2021-08-12,859498074.0,18077118.0,2903626.0,42304.0,0.021032179764954306,0.014569369471137123
2021-08-13,862781347.0,18119241.0,3283273.0,42123.0,0.021000965149516614,0.012829575853119737
2021-08-14,865064615.0,18154308.0,2283268.0,35067.0,0.020986071658936137,0.015358249666705792
2021-08-15,866989862.0,18184076.0,1925247.0,29768.0,0.020973804651016784,0.015461912159842347
2021-08-16,869669586.0,18223470.0,2679724.0,39394.0,0.02095447546213258,0.014700767691001013
2021-08-17,872467377.0,18266973.0,2797791.0,43503.0,0.020937141584378118,0.01554905280630326
2021-08-18,875490296.0,18310702.0,3022919.0,43729.0,0.020914797209813964,0.014465819295852783
2021-08-19,878411646.0,18356909.0,2921350.0,46207.0,0.020897843378547373,0.01581700241326784
2021-08-20,881625452.0,18399240.0,3213806.0,42331.0,0.020869678794164397,0.01317161023409627
2021-08-21,883945014.0,18435127.0,2319562.0,35887.0,0.020855513304586612,0.015471455386835963
2021-08-22,885803664.0,18466103.0,1858650.0,30976.0,0.020846722304819907,0.016665859629300835
2021-08-23,888543522.0,18506417.0,2739858.0,40314.0,0.02082781151602386,0.014713901231377684
2021-08-24,891321702.0,18551173.0,2778180.0,44756.0,0.020813105928391272,0.016109827297007395
2021-08-25,894348617.0,18597119.0,3026915.0,45946.0,0.020794037857834582,0.015179151049831264
2021-08-26,897364634.0,18644022.0,3016017.0,46903.0,0.020776417181602457,0.015551304916384755
2021-08-27,900423252.0,18685852.0,3058618.0,41830.0,0.02075229838689239,0.01367611123716659
2021-08-28,902758790.0,18719921.0,2335538.0,34069.0,0.02073634863195295,0.0145872171636685
2021-08-29,904616233.0,18747089.0,1857443.0,27168.0,0.020723803438535023,0.01462655919993238
2021-08-30,907284484.0,18785439.0,2668251.0,38350.0,0.020705125383804094,0.014372710813188114
2021-08-31,909814165.0,18822934.0,2529681.0,38669.0,0.020688767799081256,0.015286117103302748
2021-09-01,912775733.0,18873407.0,2961568.0,50473.0,0.02067693773800185,0.017042661184885843
2021-09-02,915545556.0,18918806.0,2778358.0,45399.0,0.02066397010614729,0.01634022685341486
2021-09-03,918507752.0,18962144.0,2962200.0,43338.0,0.020644511664393662,0.014630342313145635
2021-09-04,920580190.0,18993413.0,2072438.0,31269.0,0.020632002737317214,0.015088026758822218
2021-09-05,922443540.0,19019577.0,1863350.0,26172.0,0.020618689573130948,0.014045670432285936
2021-09-06,924317390.0,19052121.0,1873902.0,32544.0,0.020612098404856366,0.017366970097689206
2021-09-07,926998897.0,19094754.0,2681507.0,42645.0,0.020598464638734083,0.015903370753833572
2021-09-08,929603960.0,19135762.0,2605063.0,41008.0,0.02058485422114596,0.015741653848678514
2021-09-09,932232032.0,19179145.0,2628072.0,43383.0,0.020573359787748637,0.01650753860624823
2021-09-10,934926577.0,19216440.0,2694545.0,37295.0,0.02055395629212068,0.013840926761289939
2021-09-11,936882901.0,19250323.0,1956324.0,33887.0,0.02054720283554412,0.017321772876067565
2021-09-12,938427511.0,19272874.0,1544610.0,22551.0,0.02053741367776248,0.014599801891739662
2021-09-13,940713124.0,19309590.0,2285613.0,36716.0,0.020526544710988852,0.016063961834308783
2021-09-14,942972126.0,19350008.0,2259002.0,40418.0,0.020520233277818014,0.017891971764522563
2021-09-15,945288866.0,19392482.0,2322620.0,42474.0,0.020514874021588234,0.018287106801801414
2021-09-16,947702347.0,19434941.0,2413481.0,42459.0,0.020507431538522927,0.01759243184429461
2021-09-17,950249599.0,19471641.0,2547252.0,36700.0,0.020491080470321776,0.014407683260234951
2021-09-18,952417359.0,19498208.0,1668248.0,26567.0,0.020472335805042798,0.0159250902743477
2021-09-19,953926425.0,19522595.0,1509066.0,24387.0,0.020465514413231606,0.016160326983710453
2021-09-20,956027280.0,19555745.0,2100855.0,33270.0,0.020455216508047762,0.015836409461861958
2021-09-21,958033120.0,19594186.0,2005840.0,38441.0,0.020452514209529624,0.01916453954452997
2021-09-22,960226165.0,19633793.0,2193045.0,39607.0,0.02044705061749697,0.018060276920902216
2021-09-23,962470827.0,19673901.0,2244662.0,40108.0,0.020441036183219297,0.0178681690160924
2021-09-24,964719151.0,19709393.0,2248324.0,35492.0,0.020430187355117615,0.015785981024087275
2021-09-25,966280583.0,19731807.0,1561924.0,22414.0,0.02042036997032362,0.014350250076188086
2021-09-26,967763038.0,19754001.0,1482455.0,22194.0,0.020412022596796055,0.014971112107956059
2021-09-27,969677969.0,19785103.0,1914931.0,31102.0,0.020403787270122046,0.016241838478775476
2021-09-28,971535501.0,19823462.0,1857532.0,38359.0,0.02040425901019133,0.02065051907584903
2021-09-29,973559080.0,19861273.0,2023579.0,37811.0,0.020400685903930967,0.018685210708353862
2021-09-30,975577839.0,19897235.0,2018759.0,35962.0,0.02039533310883254,0.01781391438997919
2021-10-01,977723321.0,19932369.0,2145482.0,35134.0,0.020386512801610877,0.016375807394329107
2021-10-02,979200997.0,19956693.0,1477676.0,24324.0,0.02038058893030314,0.01646098332787431
2021-10-03,980495402.0,19974196.0,1294405.0,17503.0,0.020371534592877164,0.013522042946373044
2021-10-04,982272688.0,20003027.0,1777286.0,28831.0,0.02036402645046362,0.016221924889972688
2021-10-05,984018636.0,20033553.0,1745948.0,30526.0,0.02035891625125685,0.017483911319237457
2021-10-06,986116419.0,20071090.0,2097783.0,37537.0,0.02035367185180191,0.017893652489318485
2021-10-07,988027669.0,20107506.0,1911250.0,36448.0,0.0203511567852661,0.0190702419882276
2021-10-08,989996156.0,20138590.0,1968487.0,31936.0,0.020342089085848936,0.016223627588091767
2021-10-09,991440643.0,20158793.0,1444579.0,20203.0,0.020332828941732217,0.013985389514869037
2021-10-10,992772753.0,20177986.0,1332110.0,19193.0,0.02032487892020139,0.014407969311843617
2021-10-11,994316237.0,20201582.0,1543484.0,23599.0,0.02031705935020349,0.015289436106885462
2021-10-12,996134781.0,20234847.0,1818544.0,33265.0,0.0203133625950563,0.018292106212442483
2021-10-13,998036177.0,20271469.0,1901396.0,36622.0,0.020311356909860794,0.01926058538042575
2021-10-14,999928052.0,20304146.0,1897355.0,32677.0,0.020305606947808683,0.017222396441361792
2021-10-15,1001839474.0,20333832.0,1911422.0,29686.0,0.020296497121254378,0.0155308456217413
2021-10-16,1003308873.0,20355951.0,1469399.0,22123.0,0.020288817878320507,0.01505581533674652
2021-10-17,1004640414.0,20373651.0,1331541.0,17704.0,0.020279545513087433,0.013295872977249669
2021-10-18,1006340099.0,20400120.0,1699688.0,26472.0,0.02027159607400281,0.015574623107299693
2021-10-19,1008150765.0,20434255.0,1810666.0,34135.0,0.020269046763060284,0.018852179253379696
2021-10-20,1010158839.0,20470051.0,2008074.0,35796.0,0.02026419035274115,0.01782603629149125
2021-10-21,1012110111.0,20501687.0,1951272.0,31636.0,0.02025637998986456,0.0162130138699269
2021-10-22,1014189055.0,20535396.0,2078944.0,33709.0,0.020248094671067023,0.01621448196776825
2021-10-23,1015813971.0,20559879.0,1624916.0,24487.0,0.020239807274712113,0.015069702064599032
2021-10-24,1017169702.0,20578639.0,1355731.0,18760.0,0.020231274053422406,0.013837553319943264
2021-10-25,1018955913.0,20606410.0,1786250.0,27771.0,0.020223063370161727,0.015547095871238628
2021-10-26,1020763888.0,20638870.0,1807975.0,32460.0,0.020219044034206664,0.017953788077821872
2021-10-27,1022952158.0,20676895.0,2188270.0,38025.0,0.020212963859840647,0.017376740530190515
2021-10-28,1025015069.0,20713706.0,2062911.0,36811.0,0.020208196568474057,0.01784420171301622
2021-10-29,1027128030.0,20746175.0,2112961.0,32469.0,0.02019823663073434,0.0153665874571277
2021-10-30,1028815726.0,20771411.0,1687696.0,25236.0,0.020189632093551416,0.01495292991154805
2021-10-31,1030355846.0,20790266.0,1540120.0,18855.0,0.02017775323031457,0.012242552528374412
2021-11-01,1032119558.0,20816248.0,1763712.0,25982.0,0.020168446415584733,0.014731430074751433
2021-11-02,1033831088.0,20846237.0,1711530.0,29989.0,0.020164064750972162,0.01752174954572809
2021-11-03,1036092385.0,20881597.0,2261297.0,35360.0,0.020154184416672456,0.015637043696604205
2021-11-04,1038342356.0,20913659.0,2249971.0,32062.0,0.020141390630124694,0.0142499614439475
2021-11-05,1040603393.0,20949685.0,2261037.0,36026.0,0.02013224744501674,0.015933396932469483
2021-11-06,1042511538.0,20977927.0,1908145.0,28242.0,0.020122489042418635,0.01480076199659879
2021-11-07,1044067051.0,20996650.0,1555513.0,18723.0,0.02011044212140356,0.012036543571156268
2021-11-08,1046086279.0,21024279.0,2019228.0,27633.0,0.020098035336146493,0.013684933053622474
2021-11-09,1048099695.0,21058421.0,2013416.0,34142.0,0.020092001839576913,0.016957250761889246
2021-11-10,1050623267.0,21093447.0,2523764.0,35026.0,0.020077079636958012,0.013878476751391968
2021-11-11,1052901665.0,21125848.0,2280026.0,32401.0,0.02006440743922653,0.01421080285926564
2021-11-12,1055490373.0,21163385.0,2588708.0,37541.0,0.020050760804049512,0.014501828711465332
2021-11-13,1057423314.0,21190616.0,1932941.0,27231.0,0.02003986078180985,0.014087858863772873
2021-11-14,1059079055.0,21209988.0,1655741.0,19372.0,0.020026822265878916,0.011699897508124762
2021-11-15,1061356610.0,21238265.0,2277555.0,28277.0,0.020010489217191573,0.012415506980072929
2021-11-16,1063572471.0,21270948.0,2215861.0,32683.0,0.01999952855116725,0.014749571385569763
2021-11-17,1066304702.0,21309965.0,2732231.0,39017.0,0.019984873892078175,0.014280271324057153
2021-11-18,1069047393.0,21345370.0,2742691.0,35408.0,0.019966720034833855,0.012909948659911014
2021-11-19,1071755486.0,21379200.0,2708093.0,33830.0,0.01994783351171948,0.012492185460395933
2021-11-20,1073986365.0,21405641.0,2230879.0,26441.0,0.01993101746687445,0.011852278855105992
2021-11-21,1075848061.0,21424671.0,1861696.0,19030.0,0.01991421630679502,0.010221862215957922
2021-11-22,1078490645.0,21454609.0,2642584.0,29938.0,0.019893180436442264,0.011329062765838286
2021-11-23,1081071095.0,21488804.0,2510702.0,34223.0,0.019877327309357023,0.013630849061338223
2021-11-24,1084018306.0,21525503.0,2947211.0,36699.0,0.01985713975571922,0.012452111504741263
2021-11-25,1086711332.0,21558935.0,2693026.0,33432.0,0.01983869530496439,0.012414287867996818
2021-11-26,1089460269.0,21588422.0,2748937.0,29487.0,0.019815703807001338,0.010726691808506343
2021-11-27,1091636887.0,21614591.0,2176618.0,26169.0,0.01980016547388802,0.012022780294934619
2021-11-28,1093556016.0,21634901.0,1919129.0,20310.0,0.019783989739397125,0.01058292590023912
2021-11-29,1096304405.0,21666337.0,2748389.0,31436.0,0.019763066627466484,0.011437973299995016
2021-11-30,1098960296.0,21700780.0,2655891.0,34443.0,0.019746646060814558,0.012968529205453085
2021-12-01,1102090187.0,21740383.0,3129891.0,39603.0,0.019726500840352733,0.012653156292024226
2021-12-02,1105226513.0,21783229.0,3136326.0,42846.0,0.019709289221511828,0.013661207412749822
2021-12-03,1108456796.0,21819697.0,3230283.0,36468.0,0.019684751880938444,0.01128941334242232
2021-12-04,1110850426.0,21844667.0,2393630.0,24978.0,0.01966481399179839,0.010435196751377615
2021-12-05,1112879903.0,21875051.0,2029477.0,30384.0,0.019656254858256703,0.014971344834161708
2021-12-06,1115461279.0,21904235.0,2581512.0,29184.0,0.019636929952097423,0.011305002649609996
2021-12-07,1118303505.0,21937981.0,2842226.0,33746.0,0.01961719774811937,0.011873088206215833
2021-12-08,1121455847.0,21973741.0,3152342.0,35772.0,0.0195939421590086,0.0113477535115162
2021-12-09,1124548487.0,22010298.0,3092640.0,36557.0,0.019572564682130953,0.011820645144601375
2021-12-10,1127603666.0,22044896.0,3055307.0,34598.0,0.01955021668047681,0.011323902966215833
2021-12-11,1129910884.0,22072074.0,2307633.0,27178.0,0.01953434940095683,0.011777436013438879
2021-12-12,1131907202.0,22091301.0,1996318.0,19227.0,0.01951688350508437,0.009631231096448561
2021-12-13,1134551581.0,22117944.0,2644379.0,26643.0,0.019494877421531706,0.010075333376947859
2021-12-14,1137357592.0,22151747.0,2806011.0,33803.0,0.019476501634852584,0.012046638448673224
2021-12-15,1140611558.0,22190515.0,3253966.0,38768.0,0.019454927353980047,0.01191407654536034
2021-12-16,1143862739.0,22222479.0,3251181.0,31964.0,0.019427574867442204,0.009831504305666157
2021-12-17,1147213680.0,22253813.0,3350941.0,31334.0,0.01939814124252772,0.009350806236218423
2021-12-18,1149720354.0,22279904.0,2506674.0,26095.0,0.0193785418536654,0.010410208906303732
2021-12-19,1151941107.0,22298519.0,2220753.0,18615.0,0.019357342892356737,0.008382291952324279
2021-12-20,1155097914.0,22326626.0,3156807.0,28107.0,0.019328773543261717,0.008903616850824267
2021-12-21,1158403205.0,22359497.0,3305459.0,32571.0,0.019301998564480838,0.00985369959209901
2021-12-22,1162372387.0,22403353.0,3969346.0,43856.0,0.019273817281414824,0.011048671493994225
2021-12-23,1166763002.0,22434491.0,4390615.0,31138.0,0.019227975999876624,0.007091944978095324
2021-12-24,1170612246.0,22460634.0,3849360.0,26143.0,0.01918708272252262,0.00679151859010329
2021-12-25,1173707400.0,22479387.0,3095154.0,18757.0,0.01915246253026947,0.006060118494911723
2021-12-26,1176137298.0,22495137.0,2430006.0,15750.0,0.019126284863385058,0.006481465477863018
2021-12-27,1181616859.0,22521970.0,5479561.0,26833.0,0.019060298461770677,0.004896925136885966
2021-12-28,1187458830.0,22554577.0,5841971.0,32607.0,0.01899398651151552,0.005581506652463698
2021-12-29,1194889663.0,22588468.0,7430833.0,33895.0,0.01890422915140743,0.004561399778463599
2021-12-30,1203407531.0,22620937.0,8517868.0,32477.0,0.01879740355389217,0.0038128085572586945
2021-12-31,1211011821.0,22649778.0,7604290.0,26501.0,0.018703184896491608,0.0034850064897577553
2022-01-01,1216462552.0,22668783.0,5450731.0,19005.0,0.01863500274852686,0.0034866882992391295
2022-01-02,1220351356.0,22682512.0,3888804.0,13729.0,0.018586869993202186,0.0035303913491140206
2022-01-03,1230490860.0,22706757.0,10139528.0,24245.0,0.018453413786429913,0.002391136944441595
2022-01-04,1241365841.0,22740821.0,10874981.0,34220.0,0.018319193463291052,0.0031466721643007927
2022-01-05,1252674334.0,22774754.0,11308493.0,33933.0,0.018180905748484827,0.0030006650753553105
2022-01-06,1264128285.0,22807307.0,11453951.0,30349.0,0.018041924439654477,0.0026496533816147807
2022-01-07,1276918554.0,22837779.0,12790269.0,30472.0,0.017885071000385826,0.002382436209903013
2022-01-08,1286407883.0,22861245.0,9489329.0,23474.0,0.017771381303017093,0.0024737260137149843
2022-01-09,1295213233.0,22877910.0,8805350.0,16665.0,0.017663431330924333,0.0018925993856007996
2022-01-10,1308712169.0,22904984.0,13498936.0,27078.0,0.01750192635367785,0.002005935875242315
2022-01-11,1321953406.0,22944331.0,13241249.0,39347.0,0.017356384041874468,0.002971547472598695
2022-01-12,1336913166.0,22983580.0,14959760.0,39249.0,0.01719152790511153,0.002623638347139259
2022-01-13,1350643381.0,23018852.0,13730215.0,35272.0,0.017042879211355645,0.002568932824431373
2022-01-14,1365023489.0,23052815.0,14380108.0,33963.0,0.016888218544054666,0.0023618042367971087
2022-01-15,1375838758.0,23079955.0,10815269.0,27140.0,0.016775188855378938,0.002509415161102327
2022-01-16,1385241637.0,23098222.0,9402879.0,18267.0,0.01667450745273837,0.0019427028679194957
2022-01-17,1396687780.0,23124238.0,11446143.0,26016.0,0.016556483368101064,0.0022729053795675974
2022-01-18,1413036777.0,23163778.0,16348997.0,39540.0,0.01639290524991056,0.002418496987919198
2022-01-19,1430745776.0,23205902.0,17708999.0,42124.0,0.01621944470447977,0.0023786776429317097
2022-01-20,1446935452.0,23246793.0,16189676.0,40891.0,0.01606622670546053,0.0025257454194883206
2022-01-21,1463613044.0,23288392.0,16677592.0,41599.0,0.015911577240630276,0.002494304933230169
2022-01-22,1475850532.0,23314674.0,12237488.0,26282.0,0.015797449331406956,0.0021476629844294844
2022-01-23,1486518268.0,23335478.0,10667736.0,20804.0,0.01569807684327765,0.0019501794945056758
2022-01-24,1501214885.0,23371170.0,14696617.0,35692.0,0.015568170975069968,0.002428586116110939
2022-01-25,1517341193.0,23416439.0,16126308.0,46181.0,0.015432546818097227,0.0028637056913460913
2022-01-26,1533469372.0,23460926.0,16128179.0,44487.0,0.015299246550585817,0.0027583399216985376
2022-01-27,1550000201.0,23504998.0,16530829.0,44072.0,0.015164512872214783,0.0026660489924612975
2022-01-28,1565845063.0,23555931.0,15844862.0,50933.0,0.015043589916149961,0.003214480504784453
2022-01-29,1577907502.0,23589463.0,12062439.0,33532.0,0.014949838929151627,0.0027798689800628213
2022-01-30,1588027423.0,23612930.0,10119921.0,23467.0,0.014869346497425063,0.002318891619806123
2022-01-31,1602888516.0,23653721.0,11583961.0,40806.0,0.01475693459893751,0.0035226292629956194
2022-02-01,1616882936.0,23712130.0,13994420.0,53925.0,0.014665335054287442,0.003853321538155922
2022-02-02,1630988097.0,23763159.0,14105161.0,51029.0,0.014569793025289013,0.003617753813657285
2022-02-03,1644922738.0,23812158.0,13934641.0,48999.0,0.014476155900764258,0.00351634462631653
2022-02-04,1657762950.0,23866739.0,12840212.0,54869.0,0.014396955246225042,0.004273216049703852
2022-02-05,1667900187.0,23901748.0,10137237.0,35009.0,0.014330442664552565,0.0034535051316251166
2022-02-06,1676075592.0,23926129.0,8175405.0,24381.0,0.014275089449545543,0.002982237577220945
2022-02-07,1687530677.0,23971835.0,11455085.0,45706.0,0.01420527361470893,0.00399001840667267
2022-02-08,1699085696.0,24026942.0,11555019.0,55107.0,0.014141100744102787,0.004769096441987677
2022-02-09,1709706592.0,24082393.0,10620896.0,55451.0,0.014085687633589004,0.005220934278991151
2022-02-10,1722004302.0,24132137.0,12297710.0,49744.0,0.014013981830342722,0.004044980732185098
2022-02-11,1732578890.0,24183280.0,10574588.0,51143.0,0.013957967593614165,0.004836405919549773
2022-02-12,1740959568.0,24220132.0,8380678.0,36852.0,0.013911943990648724,0.004397257596581088
2022-02-13,1747532205.0,24241767.0,6572637.0,21635.0,0.013872000144340688,0.0032916772978638558
2022-02-14,1754810232.0,24287588.0,7278027.0,45821.0,0.013840578062004371,0.0062957996720814586
2022-02-15,1762948407.0,24332912.0,8165835.0,45324.0,0.01380239597675305,0.005550442789990246
2022-02-16,1772793896.0,24387829.0,9855785.0,54917.0,0.013756719861810715,0.005572057426171533
2022-02-17,1781762321.0,24439806.0,8968425.0,51977.0,0.013716647676264336,0.005795554960876631
2022-02-18,1790344523.0,24484751.0,8582202.0,44945.0,0.013675999610941921,0.005237000946843246
2022-02-19,1797381906.0,24520194.0,7037383.0,35443.0,0.013642172494419224,0.0050363892373059705
2022-02-20,1803099531.0,24542462.0,5717625.0,22268.0,0.013611263037924887,0.0038946240790538027
2022-02-21,1809082794.0,24572896.0,5983263.0,30434.0,0.01358306876915662,0.005086522186973897
2022-02-22,1816464216.0,24616123.0,7381422.0,43227.0,0.013551669657554102,0.005856188685594727
2022-02-23,1824804206.0,24666469.0,8339990.0,50350.0,0.013517323622389766,0.006037177502610914
2022-02-24,1832480892.0,24711551.0,7676686.0,45082.0,0.013485298050245644,0.005872586165436492
2022-02-25,1839576961.0,24748762.0,7096069.0,37211.0,0.013453507259922679,0.005243889257559362
2022-02-26,1845731765.0,24776109.0,6154804.0,27347.0,0.01342346134461201,0.004443195916555588
2022-02-27,1850631448.0,24794800.0,4899751.0,18699.0,0.013398021538430055,0.00381631638015891
2022-02-28,1856373537.0,24826489.0,5742089.0,31689.0,0.013373649486579597,0.00551872323818039
2022-03-01,1863400955.0,24861427.0,7027418.0,35794.0,0.013341963216928801,0.0050934781451736615
2022-03-02,1870568569.0,24895239.0,7167614.0,33812.0,0.013308915488358128,0.004717329923179457
2022-03-03,1878140918.0,24929710.0,7572349.0,34475.0,0.01327360996242349,0.00455274842720535
2022-03-04,1885750610.0,24965803.0,7609744.0,36108.0,0.013239185960014086,0.0047449690817457195
2022-03-05,1892118025.0,24989725.0,6367415.0,23922.0,0.013207276010173836,0.003756940610907252
2022-03-06,1897326645.0,25006487.0,5208620.0,16766.0,0.013179853382599811,0.003218894832028445
2022-03-07,1903367168.0,25037874.0,6040523.0,30467.0,0.013154516070753196,0.005043768561099759
2022-03-08,1910940986.0,25068719.0,7573818.0,30845.0,0.013118520762105837,0.004072582678907785
2022-03-09,1918918105.0,25101552.0,7977119.0,32833.0,0.013081096027284604,0.004115896979849492
2022-03-10,1927055563.0,25133036.0,8138830.0,31484.0,0.013042195815502804,0.003868369286494496
2022-03-11,1935112754.0,25160230.0,8057191.0,27194.0,0.01300194520861496,0.0033751216770211852
2022-03-12,1942651873.0,25179962.0,7539119.0,19732.0,0.01296164400321251,0.002617281939706748
2022-03-13,1948178648.0,25193807.0,5526775.0,13845.0,0.012931979839664067,0.0025050775542698953
2022-03-14,1955067099.0,25215656.0,6888463.0,21849.0,0.012897591091833928,0.0031718251226725033
2022-03-15,1962924195.0,25238465.0,7857096.0,23957.0,0.012857585160083066,0.0030490909109421598
2022-03-16,1972527783.0,25266970.0,9603588.0,28505.0,0.01280943681389962,0.00296816148297907
2022-03-17,1981445454.0,25296521.0,8917671.0,28179.0,0.012766700667400759,0.0031599057646329405
2022-03-18,1989885409.0,25319624.0,8439955.0,23103.0,0.01272416184644731,0.0027373368696871014
2022-03-19,1997329247.0,25335754.0,7443838.0,16130.0,0.012684816005200168,0.0021668929388307485
2022-03-20,2002006427.0,25348393.0,4677180.0,12639.0,0.01266149431797004,0.002702269316126384
2022-03-21,2008236576.0,25414502.0,6230149.0,20324.0,0.012655133515504699,0.0032622012731958736
2022-03-22,2016884807.0,25435627.0,8648247.0,21125.0,0.012611343449918704,0.0024426915651229665
2022-03-23,2024713295.0,25460179.0,7828488.0,24552.0,0.012574708262583913,0.0031362378022422722
2022-03-24,2032474862.0,25482506.0,7761587.0,22427.0,0.012537673393374546,0.0028894863898323887
2022-03-25,2040680329.0,25519925.0,8205467.0,37431.0,0.012505596607826174,0.004561714768946118
2022-03-26,2046691341.0,25532442.0,6011012.0,12517.0,0.012474984130985288,0.0020823448697157815
2022-03-27,2050691301.0,25542234.0,3999960.0,9792.0,0.012455426122666329,0.0024480244802448023
2022-03-28,2056988585.0,25559314.0,6297284.0,17080.0,0.01242559836568077,0.002712280405330298
2022-03-29,2064743339.0,25579333.0,7754754.0,21261.0,0.01238862599377055,0.002741673043400216
2022-03-30,2071774720.0,25600525.0,7031381.0,21192.0,0.01235680923840986,0.00301391718070746
2022-03-31,2080170149.0,25621543.0,8395429.0,21018.0,0.012317041955590528,0.0025035051812123
2022-04-01,2085230478.0,25640773.0,5060609.0,19295.0,0.012296373600194425,0.0038127822165276944
2022-04-02,2089891293.0,25652213.0,4660815.0,11440.0,0.012274424553047794,0.0024545063470659103
2022-04-03,2093372342.0,25659094.0,3481049.0,6881.0,0.012257300569608845,0.0019767029995843206
2022-04-04,2097177994.0,25671523.0,3805652.0,12429.0,0.012240984348226954,0.0032659318298152327
2022-04-05,2103233675.0,25689777.0,6055681.0,18258.0,0.012214418828188457,0.003015020110867795
2022-04-06,2109786942.0,25721590.0,6553267.0,20025.0,0.012191558061126723,0.0030557277766951963
2022-04-07,2115184388.0,25739105.0,5397446.0,17515.0,0.012168728715106231,0.0032450533085463013
2022-04-08,2120461252.0,25756889.0,5276864.0,17784.0,0.012146833136284067,0.0033701835029290124
2022-04-09,2123841213.0,25766567.0,3379961.0,9678.0,0.012132059045790821,0.002863346648082626
2022-04-10,2126336943.0,25772803.0,2495730.0,6236.0,0.012120752115437426,0.0024986677244734005
2022-04-11,2130606514.0,25785652.0,4270083.0,12849.0,0.012102493740897292,0.003009074999244745
2022-04-12,2135236438.0,25799943.0,4629924.0,14291.0,0.012082944324501079,0.00308665973782723
2022-04-13,2139836397.0,25819129.0,4600079.0,19186.0,0.012065935992208473,0.004170797936296312
2022-04-14,2144198161.0,25835513.0,4361764.0,16384.0,0.012049032346875517,0.003756278423133393
